Country Name,Time,"Inflation, GDP deflator (annual %) [NY.GDP.DEFL.KD.ZG]","Official exchange rate (LCU per US$, period average) [PA.NUS.FCRF]","Foreign direct investment, net inflows (% of GDP) [BX.KLT.DINV.WD.GD.ZS]","Foreign direct investment, net outflows (% of GDP) [BM.KLT.DINV.WD.GD.ZS]",Imports of goods and services (% of GDP) [NE.IMP.GNFS.ZS],Exports of goods and services (% of GDP) [NE.EXP.GNFS.ZS]
United Kingdom,1974,15.05921264,0.42775644,2.121823274,2.122912937,31.62838302,27.09211639
United Kingdom,1975,25.77072797,0.452041166,1.372676187,1.241209958,27.08127368,25.65880996
United Kingdom,1976,15.11356727,0.556509832,1.292355806,1.8648244,29.10542835,28.29536423
United Kingdom,1977,13.71049414,0.573271999,1.682672051,1.586345228,28.9393075,29.97134588
United Kingdom,1978,11.45754703,0.521504582,1.127586247,2.029000378,26.66908594,28.29676302
United Kingdom,1979,14.06654127,0.472181166,1.473705819,2.856317973,26.98482583,27.65681813
United Kingdom,1980,19.70379465,0.430294999,1.791819689,1.987611888,24.40553771,26.88680239
United Kingdom,1981,11.56926279,0.497641332,1.087231673,2.247450456,23.12934314,26.24442054
United Kingdom,1982,7.418774947,0.572446832,1.05101857,1.390731641,23.70252566,25.89367025
United Kingdom,1983,5.122809515,0.659724582,1.057718801,1.671521008,24.77115303,26.02439064
United Kingdom,1984,5.030047533,0.751806666,-0.075261594,1.728613281,27.56805065,27.82086117
United Kingdom,1985,5.511697927,0.779246,1.11928039,2.167752298,26.75465507,28.17700885
United Kingdom,1986,4.335356012,0.682197333,1.42482067,2.829539708,25.41408468,25.09605836
United Kingdom,1987,5.440549029,0.6119265,1.754640337,3.881714377,25.26764423,24.60977224
United Kingdom,1988,6.133173352,0.562170167,2.904105168,4.574775366,25.18093658,22.16280579
United Kingdom,1989,7.935862168,0.61117275,2.92466122,3.385344613,26.02679661,22.63317529
United Kingdom,1990,7.886218086,0.563177167,3.78380568,2.559849602,24.91137633,23.32156486
United Kingdom,1991,6.419086431,0.567015333,2.033973017,2.060436038,22.71207008,22.58773686
United Kingdom,1992,3.32097927,0.569774167,1.950665447,2.216811546,23.37414895,22.9155971
United Kingdom,1993,2.733044282,0.666756553,1.854764189,2.866226362,24.90745252,24.82334083
United Kingdom,1994,1.393623616,0.653426604,1.71516995,3.834558685,25.79910547,26.06885155
United Kingdom,1995,11.48900317,0.63366812,2.166968265,4.203778365,25.21515064,25.78062911
United Kingdom,1996,4.137305576,0.640958255,2.283151708,2.93835259,25.88261668,26.36119179
United Kingdom,1997,-0.146831249,0.610836114,3.287298647,4.78557771,25.20439897,25.76900688
United Kingdom,1998,1.28365739,0.603823594,6.640741936,9.552834101,24.90683535,24.42962
United Kingdom,1999,1.380863128,0.618056845,7.695772086,14.35841676,25.32609696,24.30534255
United Kingdom,2000,1.121682776,0.660930833,9.854512069,17.53471025,26.86190895,25.65982165
United Kingdom,2001,1.511247244,0.694655,3.39980591,4.692124144,27.27444847,25.54716504
United Kingdom,2002,2.11905124,0.667223333,5.026548637,6.770452989,26.86927321,24.510361
United Kingdom,2003,2.387044647,0.6124725,1.752864088,3.995325309,26.18303249,24.05649057
United Kingdom,2004,2.588638799,0.54618,3.595239298,5.312341651,26.37942232,24.07228892
United Kingdom,2005,2.941521977,0.549998333,9.9345464,6.287814588,27.40920637,25.27151047
United Kingdom,2006,2.792437129,0.543486667,7.518583129,5.252280545,29.40229804,27.51212944
United Kingdom,2007,2.247983087,0.499771667,6.779300045,11.98492326,27.45279312,25.51156032
United Kingdom,2008,3.427195046,0.54396625,8.652048202,12.17637859,29.19264558,27.50596135
United Kingdom,2009,1.897090319,0.641919263,0.602903981,-2.005848435,28.122833,26.88155103
United Kingdom,2010,1.589080692,0.647179346,2.68497359,2.189009626,30.4160323,28.85674267
United Kingdom,2011,2.195993934,0.624140836,1.014039752,3.034515618,32.17780692,31.38759406
United Kingdom,2012,1.542743159,0.633046989,1.726975994,0.444150056,31.6074143,30.61856843
United Kingdom,2013,2.109441023,0.639660578,1.95605174,1.660802198,31.70968714,30.28942477
United Kingdom,2014,1.318902539,0.607729627,1.921567748,-3.71700461,30.51858939,28.57621473
United Kingdom,2015,0.658400581,0.654545479,1.548321685,-2.055288345,29.35759902,27.84595067
United Kingdom,2016,1.964151337,0.740634464,12.07885281,1.223762287,30.79805889,28.90233952
United Kingdom,2017,1.855117006,0.776976682,4.677309144,6.419193347,32.231299,30.89035103
United Kingdom,2018,1.920647087,0.74953154,-0.872604334,-0.997169642,32.96253689,31.58011136
United Kingdom,2019,2.132951415,0.78344511,0.694070008,-0.753954193,33.03035336,31.63478028
United Kingdom,2020,4.969820525,0.779999577,5.82864206,0.607703722,29.11134184,29.66979576
United Kingdom,2021,0.066556623,0.727064945,0.160847823,5.113966955,29.40426184,29.18027479
United Kingdom,2022,5.443904798,0.811301716,1.441788923,4.010521485,35.31333567,33.56719447
United Kingdom,2023,7.298254796,0.804538907,-2.645459686,1.890865403,32.21620064,31.66267713
France,1974,11.3382717,4.809618473,0.652289007,0.275560792,22.0294783,21.43397032
France,1975,13.63833206,4.287799515,0.438322409,0.375005662,18.14173018,19.60420656
France,1976,10.8234151,4.802878363,0.265252075,0.44457079,20.60247904,20.11631991
France,1977,8.842882376,4.905173323,0.466188695,0.246490663,20.70492677,21.01681911
France,1978,9.234682392,4.513099999,0.492594801,0.378935006,19.83780358,21.28105279
France,1979,10.21072645,4.254416666,0.425555764,0.326699408,20.92283061,21.71471259
France,1980,11.5460876,4.225574999,0.472661676,0.445648047,23.24357415,21.99911626
France,1981,11.48077601,5.434608333,0.405399422,0.746675114,24.29531754,23.05105748
France,1982,12.03271338,6.572099999,0.27420089,0.492721035,24.75834302,22.38469071
France,1983,9.612537142,7.621291666,0.311855278,0.309609285,23.54939702,23.43504815
France,1984,7.073274783,8.7391,0.456730859,0.403621688,24.49495848,24.90673721
France,1985,5.504141823,8.985225,0.474304325,0.409847301,24.4680878,24.41579208
France,1986,5.239414963,6.926091667,0.425633765,0.70635072,21.12021796,21.38369218
France,1987,2.470282577,6.010708333,0.554852757,0.994296117,21.39165996,20.63183519
France,1988,3.179030279,5.956941667,0.839896513,1.434083871,21.80238506,21.42223732
France,1989,3.183994058,6.380141667,1.013425453,1.9176556,23.21100514,22.79411073
France,1990,2.665995794,5.445275,1.048248019,2.768931982,22.59758569,21.98870126
France,1991,2.455115699,5.642116667,1.203590348,1.900910842,22.53943129,22.41426887
France,1992,2.020350404,5.293815833,1.571568078,2.250114493,21.5179506,22.44540389
France,1993,1.557724225,5.66323,1.578994724,1.567618234,19.90930693,21.81630939
France,1994,0.952852904,5.552045,1.139909485,1.763439663,21.00083686,22.75051229
France,1995,1.150646203,4.9914825,1.487964708,0.991773344,21.74200677,23.68965492
France,1996,1.317357456,5.1155225,1.374197072,1.898887241,21.9894774,24.12300275
France,1997,0.874762049,5.836691667,1.590178586,2.448440902,23.17312843,26.63032505
France,1998,0.908513581,5.899515667,1.971962267,3.05304226,24.1686657,27.2527671
France,1999,0.220167707,0.938283072,3.091716021,8.435339206,24.46368414,27.20697732
France,2000,1.417573306,1.082705081,3.041170274,12.75543001,28.02799804,29.75804899
France,2001,1.902397984,1.116533086,3.658997905,6.375834179,27.46262935,29.43060351
France,2002,2.064277944,1.057558996,3.454135963,3.551423375,26.40182309,28.73070176
France,2003,1.801379453,0.884047927,2.307824826,2.865992326,25.46191462,27.13696767
France,2004,1.633639263,0.803921648,1.687774472,2.897069364,26.21166097,27.53810386
France,2005,1.962103402,0.803800192,3.883730658,5.419228703,27.6592796,28.16355653
France,2006,1.997379501,0.796432731,3.406461183,5.627585103,28.94142905,28.92784848
France,2007,2.385030225,0.7296724,3.154494499,4.978769367,29.29402666,28.85853447
France,2008,2.300799198,0.67992268,2.323267,4.64668224,29.98073316,29.19905968
France,2009,0.105961104,0.716957702,0.682311493,3.285776103,26.31816407,25.88094823
France,2010,1.089446457,0.75430899,1.46961673,2.742034223,28.76106716,27.82648809
France,2011,0.851478332,0.718413899,1.540052933,2.246487619,31.06678815,29.53884734
France,2012,1.082046895,0.77833812,1.227900715,1.938674526,31.30327842,30.35567865
France,2013,0.747875808,0.752945123,1.188234049,1.149707308,31.22794853,30.59128534
France,2014,0.570795064,0.752728197,0.176974175,2.15340598,31.45745404,30.7418129
France,2015,1.134440103,0.901296423,1.76596183,3.245235006,31.81119247,31.69349473
France,2016,0.517258226,0.903421436,1.442003214,2.947751199,31.84454637,31.49821007
France,2017,0.586343167,0.885205508,1.689280722,1.88141631,33.08401411,32.31183404
France,2018,1.114593308,0.846772667,2.785941846,5.029908474,33.88427889,32.91798189
France,2019,1.210523071,0.893276257,1.964869433,3.110189032,33.53941778,32.88955939
France,2020,2.977978716,0.875506397,0.731471704,1.085254088,30.2816679,28.55722282
France,2021,1.22181611,0.845494139,3.304053122,3.985080784,32.5004327,31.28804993
France,2022,3.220632171,0.949623753,3.918564455,3.162721247,39.28647472,36.50366889
France,2023,5.303571753,0.924839558,0.288462114,1.28828431,36.27952421,34.28003058
Canada,1974,15.56948005,0.978017526,2.313486932,0.843114808,24.09085071,23.99365126
Canada,1975,10.99773453,1.017159263,1.941398989,0.716349126,23.89587041,21.95978411
Canada,1976,8.78342642,0.986028304,1.182371858,0.483708038,22.58259182,21.68275246
Canada,1977,6.717535077,1.063441611,1.588048428,0.768102939,23.0563312,22.70204764
Canada,1978,6.826594615,1.140659171,1.704973109,1.038083312,24.31356111,24.53095689
Canada,1979,10.0700506,1.171424496,2.176273141,1.56978105,25.90953386,26.32851352
Canada,1980,10.05588974,1.169226867,2.11563483,1.48972589,25.8104771,27.50749862
Canada,1981,10.87095734,1.198903121,0.216022152,1.804931105,25.71791572,26.3846584
Canada,1982,8.827078401,1.233734912,0.028622874,0.753579998,21.42325359,25.19262921
Canada,1983,5.82447505,1.232411827,1.350984397,1.534977894,21.78388668,24.92499691
Canada,1984,3.545390263,1.295065611,1.590964034,1.285154785,24.54013758,27.93656085
Canada,1985,3.33838919,1.365507392,0.343202681,1.028010803,25.29503407,27.54691247
Canada,1986,3.132379041,1.389471059,0.71494162,0.88786109,26.07751173,26.98763838
Canada,1987,4.791601414,1.325982582,1.98490567,1.755397412,24.8629722,26.0034196
Canada,1988,4.539998176,1.230700847,1.412776248,1.442128956,25.31289181,26.05288932
Canada,1989,4.68125324,1.183972084,1.264368354,1.131009589,25.02028801,25.046346
Canada,1990,3.352301725,1.166773627,1.409503772,1.015036591,24.92016546,25.07429896
Canada,1991,3.056769896,1.145725844,0.573724263,1.057347141,24.87015032,24.35331653
Canada,1992,1.470850834,1.20872292,1.180751906,0.973819828,26.53889838,26.19913256
Canada,1993,1.289042882,1.290087882,0.721601695,0.887830649,29.10819678,29.14259936
Canada,1994,1.455630961,1.365673448,1.645162877,1.831326065,31.60995591,32.78158824
Canada,1995,2.263325732,1.372445418,2.253873035,2.612129632,32.9636938,36.09805428
Canada,1996,1.67527502,1.363521636,1.398281933,1.948822323,33.16163352,37.09843993
Canada,1997,1.144128307,1.384598028,2.317969735,4.080796973,36.20363989,38.13297019
Canada,1998,-0.176225256,1.483505302,3.939938217,5.733232457,38.0520106,40.02917476
Canada,1999,1.923855642,1.485704819,4.04710364,2.937679521,38.25384431,41.861185
Canada,2000,4.374199031,1.485394095,9.171024287,6.263691864,38.55612203,44.20923582
Canada,2001,1.573676767,1.548839955,3.841921293,4.984136699,36.3042633,42.03995509
Canada,2002,1.257523455,1.570342834,3.219147678,3.843512818,35.64837348,40.05865859
Canada,2003,3.249737007,1.401014548,0.782967555,2.616225271,32.97410942,36.8659852
Canada,2004,3.260873898,1.301281595,0.141465896,4.365776022,32.86464868,37.32777131
Canada,2005,3.116638505,1.211405134,2.178163809,2.325412695,32.90242569,36.85670732
Canada,2006,2.570172675,1.134344726,4.87410129,3.816692472,32.64970526,35.40245922
Canada,2007,3.300545644,1.074045622,8.200559049,4.434938198,32.05386458,34.22955516
Canada,2008,3.996316455,1.067086918,4.515137142,5.710829205,32.62860281,34.39500555
Canada,2009,-2.324922072,1.141535406,1.524131181,2.745409301,29.95855751,28.51583432
Canada,2010,2.848637766,1.030112735,1.837256387,2.246981822,31.04073957,29.16738193
Canada,2011,3.244455176,0.989258159,2.137833108,2.793396523,31.82034685,30.67839192
Canada,2012,1.218443707,0.999364744,2.700169009,3.404593801,32.24252342,30.35302552
Canada,2013,1.740737906,1.030137364,3.629803984,2.949458833,31.89913623,30.33193867
Canada,2014,1.941198977,1.104747132,3.55390337,3.598493803,32.64208628,31.73657587
Canada,2015,-0.867651312,1.278786204,3.853894537,5.391157447,34.3149411,31.84996096
Canada,2016,0.716978141,1.325615164,2.238350121,4.42448955,33.86111211,31.50257241
Canada,2017,2.571014654,1.297935846,1.53752072,4.740763695,33.6466507,31.45441015
Canada,2018,1.651118198,1.295817928,2.469312073,3.637583809,34.27448212,32.32540373
Canada,2019,1.546070754,1.326793363,2.80676687,4.353193532,33.81878946,32.35269582
Canada,2020,1.070810268,1.341152672,1.758970857,2.864626165,31.68312373,29.47364723
Canada,2021,7.664865423,1.253876902,2.945251489,5.163418665,31.20781146,31.21635296
Canada,2022,7.653819927,1.301554775,2.312516526,4.040172116,33.71384881,33.84504756
Canada,2023,1.534710113,1.349908641,2.228511055,3.872835394,33.82318975,33.36930439
Sweden,1974,9.458146708,4.439424999,0.116183805,0.652679608,29.77024018,29.53559609
Sweden,1975,14.51240201,4.152191666,0.096917789,0.524890085,25.59366427,25.81186983
Sweden,1976,11.91896641,4.355891666,0.005451202,0.668181483,26.47843037,25.34903778
Sweden,1977,10.52956918,4.481641666,0.086347114,0.781591542,26.23309153,25.11537373
Sweden,1978,9.549067152,4.518474999,0.066843046,0.398378863,24.55534622,25.88174275
Sweden,1979,7.943208098,4.287083332,0.091283642,0.501268253,28.35664351,27.87531041
Sweden,1980,11.7165099,4.229574999,0.176838105,0.440172735,28.62380631,27.32939071
Sweden,1981,8.767342248,5.063441666,0.139858546,0.637343972,27.81545708,28.00771592
Sweden,1982,8.084605347,6.282608332,0.310827095,1.060967807,30.44326894,30.29990263
Sweden,1983,9.95406204,7.667108332,0.215230826,1.390440296,31.13150172,33.26237872
Sweden,1984,7.635982038,8.271799999,0.265961046,1.373116441,30.3826165,33.89313681
Sweden,1985,6.404506828,8.603925,0.344819241,1.584078882,31.22606574,32.8626319
Sweden,1986,6.32272326,7.123583333,0.72041834,2.636844808,27.66498266,30.66431103
Sweden,1987,4.720949178,6.340441667,0.349781416,2.615837926,28.49436058,30.27544703
Sweden,1988,6.571206355,6.12715,0.809634506,3.614785747,28.44063272,29.99753534
Sweden,1989,7.92466691,6.446875833,0.832589388,4.730736012,29.35583686,29.76903505
Sweden,1990,9.473820714,5.91879,0.758185613,5.59490206,27.80643134,28.09842219
Sweden,1991,8.246788864,6.047466667,2.319240525,2.652107387,24.91017224,26.25943181
Sweden,1992,1.015341198,5.823833333,-0.00190858,0.1475011,24.73034804,26.12143913
Sweden,1993,2.212271137,7.783426667,1.742286795,0.691567474,27.63067505,30.60218704
Sweden,1994,2.502421754,7.71597,2.741029955,2.923229652,30.13766942,33.81129077
Sweden,1995,3.704929017,7.133268333,5.594164717,4.268384575,31.34136636,37.33905241
Sweden,1996,1.052350256,6.705955833,1.881088551,1.750934718,30.38006817,36.12580848
Sweden,1997,1.498581179,7.634894167,3.828887481,4.517586436,32.76341661,39.23084923
Sweden,1998,0.867072199,7.949868167,8.61416202,10.26542688,34.2046254,40.12946096
Sweden,1999,1.003913455,8.262428333,22.93319322,8.885151074,34.67131692,40.17608298
Sweden,2000,1.571937339,9.162244167,8.679112107,15.30312684,38.22699364,43.24461659
Sweden,2001,2.589769439,10.32913583,7.512522249,6.097772735,37.66996873,42.89873159
Sweden,2002,1.623471884,9.737123333,6.874898241,6.233527232,35.92399444,41.16090973
Sweden,2003,1.847856275,8.086304167,1.798308906,6.687934047,34.99248359,40.33533438
Sweden,2004,0.414635293,7.348886667,4.382985861,7.329090189,36.01735174,42.71816798
Sweden,2005,0.764452785,7.473088333,5.305897302,9.772360106,38.8366669,45.33085355
Sweden,2006,1.74607307,7.378249167,5.219187766,5.112734839,40.73226295,47.59757294
Sweden,2007,2.924128188,6.75877,9.416078516,11.40522691,41.82318379,47.72324692
Sweden,2008,3.361593276,6.591099167,8.051928322,6.755438582,43.79459351,49.01330792
Sweden,2009,2.358900204,7.653819167,2.063225143,6.095784423,38.4995447,43.4583447
Sweden,2010,1.030259473,7.207524167,0.126859059,4.489635388,40.21479751,44.87625196
Sweden,2011,1.117300086,6.493543333,1.223286221,4.166919023,40.97696659,45.41335849
Sweden,2012,0.949517918,6.775015833,0.777370132,3.182434762,40.46487164,44.83279957
Sweden,2013,1.011647514,6.513971667,0.254696305,4.802063668,38.9043189,42.73549446
Sweden,2014,1.832706911,6.860785,-1.04543478,-0.287461872,40.3646558,43.45799096
Sweden,2015,2.253432325,8.434840833,1.948894425,2.844171559,40.44865652,43.70851741
Sweden,2016,1.652020012,8.561991667,3.008539081,-0.003370604,40.35335333,42.91044742
Sweden,2017,2.226551339,8.548860833,4.533844068,7.203771332,42.02701473,43.89423569
Sweden,2018,2.616120195,8.692518333,-0.129536947,2.441381256,44.23875079,45.89094492
Sweden,2019,2.420650077,9.458349167,2.984475169,4.119168635,44.27986966,48.24121382
Sweden,2020,1.793662887,9.210309028,3.396834569,4.143735324,40.07083879,44.25994298
Sweden,2021,2.740633344,8.576566716,8.606397361,9.909483711,42.97834022,47.29964596
Sweden,2022,5.781937149,10.11425128,8.266901162,10.77411244,51.97473714,53.88027813
Sweden,2023,6.149069697,10.6101613,3.932079431,6.925519699,51.19442844,55.17159763
Malaysia,1974,12.70923561,2.407066666,6.011025421,0,48.07507218,48.31131333
Malaysia,1975,-3.077578301,2.393783333,3.769208638,0,45.09672219,45.548988
Malaysia,1976,12.72616133,2.541574999,3.450240343,0,41.37439915,51.8212569
Malaysia,1977,6.86512096,2.461283332,3.089053386,0,42.63450835,50.14223871
Malaysia,1978,9.840380882,2.316041666,3.056538476,0,43.49099931,49.05505992
Malaysia,1979,12.05947668,2.188441666,2.703343511,0,47.13941065,56.01413062
Malaysia,1980,6.875078734,2.176883332,3.813685919,0.821266232,55.04239514,57.5448338
Malaysia,1981,1.060019129,2.304124999,5.057886243,1.171613116,58.52324996,52.33888185
Malaysia,1982,2.559055732,2.335391666,5.212544077,0.970303871,59.58561638,50.87301714
Malaysia,1983,5.910387214,2.321249999,4.153653968,0.74399523,56.4888422,51.52745443
Malaysia,1984,4.79278402,2.343641666,2.349466079,0.714268365,52.36077938,54.2690132
Malaysia,1985,-1.605922199,2.483041667,2.226668687,0.672389854,49.77539693,54.90770621
Malaysia,1986,-8.717319863,2.581441667,1.762717774,0.897561944,50.20113417,56.29661703
Malaysia,1987,7.666714751,2.519638333,1.313436343,0.666460592,49.02509712,62.89449343
Malaysia,1988,3.62002625,2.618783333,2.039622995,0.562304422,56.20872578,66.41550287
Malaysia,1989,4.461703543,2.708841667,4.293330567,0.702916905,65.31221195,71.37684947
Malaysia,1990,3.807814976,2.704875,5.29807442,0.293018093,72.42213283,74.4661197
Malaysia,1991,3.584698695,2.750066667,8.136329636,0.356102543,81.48589444,77.82555283
Malaysia,1992,2.414242472,2.547383333,8.760474402,0.194363295,74.62736093,75.98386005
Malaysia,1993,3.98697131,2.574095,7.482839123,1.589058263,79.02017492,78.92028758
Malaysia,1994,3.937334512,2.624256667,5.829614258,3.127082947,90.75416579,89.15077688
Malaysia,1995,3.633419553,2.504404167,4.710245402,2.804791593,98.02402988,94.08917037
Malaysia,1996,3.679903385,2.5159425,5.035342931,3.736042123,90.19083127,91.57615121
Malaysia,1997,3.482349583,2.813191667,5.136241158,2.674857609,92.37566316,93.289448
Malaysia,1998,8.498719998,3.924375,2.997750852,1.195829164,93.74847746,115.7437254
Malaysia,1999,0.045452821,3.8,4.921466665,1.797090077,96.25952574,121.3113937
Malaysia,2000,8.855216851,3.8,4.038428624,2.160207182,100.5970803,119.8097087
Malaysia,2001,-1.581873912,3.8,0.597029318,0.287595121,92.96214465,110.4024914
Malaysia,2002,3.128883199,3.8,3.166124323,1.878328762,91.0509299,108.3053028
Malaysia,2003,3.298932877,3.8,2.920942095,1.919435297,87.25168291,106.9434461
Malaysia,2004,6.009282615,3.8,3.50787262,1.453439314,95.00092818,115.3733377
Malaysia,2005,8.862586471,3.787091667,2.734387349,2.042091343,90.95566782,112.8989768
Malaysia,2006,3.980931674,3.668176958,4.727164848,4.694502236,90.391666,112.1854808
Malaysia,2007,4.881323357,3.437569382,4.686845783,6.104669254,86.29723149,106.1682749
Malaysia,2008,10.3889004,3.335833333,3.280819491,6.672113468,77.16874754,99.49957724
Malaysia,2009,-5.992201556,3.524502911,0.056692316,3.332778686,71.14217859,91.41679187
Malaysia,2010,7.266845934,3.221086915,4.268646639,6.018961521,71.01446982,86.93029507
Malaysia,2011,5.41240809,3.060003011,5.074460321,6.077629327,69.6822425,85.25544211
Malaysia,2012,0.999932303,3.088800867,2.829057382,5.373589241,68.54184084,79.29991393
Malaysia,2013,0.174474481,3.15090855,3.49431176,4.147602039,67.09195043,75.62904103
Malaysia,2014,2.467466784,3.272859746,3.141229404,4.750513176,64.51873255,73.79349863
Malaysia,2015,1.218055734,3.905500263,3.270944029,3.498187031,61.92138155,69.4486909
Malaysia,2016,1.658259966,4.148300663,4.471309586,3.351739604,60.12356457,66.77544545
Malaysia,2017,3.778960943,4.300440878,2.935820381,1.757512179,63.14343086,70.01174251
Malaysia,2018,0.624674675,4.035130137,2.314587212,1.606888024,61.84765408,68.55497142
Malaysia,2019,0.071826909,4.142469736,2.506977057,2.061448593,57.75079519,65.27776684
Malaysia,2020,-0.818007729,4.203481949,1.202754643,0.976716973,55.21024653,61.57793591
Malaysia,2021,5.675938488,4.143297598,5.416259849,3.420410697,63.40293914,70.63305555
Malaysia,2022,6.403485118,4.401076345,3.686893363,2.897734255,69.65522964,76.85018864
Malaysia,2023,-1.872255625,4.560623432,1.981110493,1.992834494,63.4824063,68.58190098
Thailand,1974,20.33469237,20.3751028,1.37406894,,23.95558687,21.58918291
Thailand,1975,3.488023428,20.37926949,0.575337963,0,22.97494341,18.36300781
Thailand,1976,4.497085167,20.40010292,0.46580086,0,22.70505012,20.23520889
Thailand,1977,6.014698711,20.40010292,0.536307303,0,25.3776947,19.95836395
Thailand,1978,9.697182716,20.3361026,0.231824943,0.025319742,24.11327267,19.8857021
Thailand,1979,8.645577466,20.41893635,0.20196394,0.014315997,29.29683378,22.5711224
Thailand,1980,12.70248279,20.47635331,0.586827837,0.009370701,30.36761782,24.11144779
Thailand,1981,8.372422574,21.82044342,0.833826177,0.006696639,30.12128482,23.84738164
Thailand,1982,5.057854644,23.00011604,0.521644683,0.005822458,24.63042218,22.91790665
Thailand,1983,3.649155653,23.00011604,0.873083166,0.003583105,27.27328968,20.11120637
Thailand,1984,1.447866579,23.63936927,0.959430184,0.00139384,26.16788234,21.90138308
Thailand,1985,2.177202768,27.15888702,0.419531295,0.002210754,25.94159905,23.2136294
Thailand,1986,1.653155306,26.29888269,0.609103953,0.002467795,23.56905798,25.6017967
Thailand,1987,4.723213513,25.72279645,0.696407218,0.336282289,28.3339735,28.89401099
Thailand,1988,5.918396549,25.29387761,1.792475013,0.039141204,34.40150204,33.01196847
Thailand,1989,6.116743087,25.70204634,2.457343892,0.068740439,37.48540547,34.92152805
Thailand,1990,5.773182162,25.58546242,2.863204109,0.164251095,41.65043612,34.13192824
Thailand,1991,5.746523781,25.51679541,2.050177447,0.170101404,42.50682546,35.96430952
Thailand,1992,4.490454131,25.40012815,1.895890351,0.131494481,40.98217002,36.97247567
Thailand,1993,6.490654767,25.31961108,1.399682909,0.180840599,40.92882756,36.81728956
Thailand,1994,4.672763546,25.14995189,0.93155551,0.336117757,43.00683908,38.24211391
Thailand,1995,5.740236146,24.9151757,1.221614877,0.523137515,48.22382987,41.53234507
Thailand,1996,4.098140924,25.34268286,1.276168189,0.508756384,45.2557278,39.0184202
Thailand,1997,4.421168366,31.36433445,2.593383427,0.38605858,46.81473194,48.23705871
Thailand,1998,8.063710457,41.3593875,6.434806711,0.11446008,42.30317089,57.93730284
Thailand,1999,-2.576952978,37.81365583,4.81780662,0.272953215,44.26774584,56.43854286
Thailand,2000,1.331049959,40.11180333,2.663128687,-0.018178926,56.45770461,64.84025074
Thailand,2001,1.917532245,44.4319,4.212235095,0.355540931,57.01727652,63.25068976
Thailand,2002,1.690458056,42.96008333,2.488153019,0.12712893,54.32399042,60.6457526
Thailand,2003,2.149549016,41.48461667,3.435939848,0.409043031,55.17026807,61.52255163
Thailand,2004,3.569259426,40.22241492,3.389474953,0.044339658,61.44001638,65.97185734
Thailand,2005,5.091556183,40.22013021,4.339587081,0.291274103,69.45114993,68.4027169
Thailand,2006,5.104213273,37.88198322,4.021256707,0.469321276,65.41160416,68.67534203
Thailand,2007,2.473337742,34.51818059,3.283569394,0.588346984,61.00095182,68.87227517
Thailand,2008,5.133780352,33.31330064,2.938249054,0.802963067,69.02059343,71.41641811
Thailand,2009,0.194772131,34.28577412,2.275902241,2.128524216,54.83080636,64.43861249
Thailand,2010,4.080989227,31.685705,4.323209282,2.383821571,60.76434948,66.48617316
Thailand,2011,3.74309812,30.49173333,0.667087645,1.935114944,68.82049784,70.85490938
Thailand,2012,1.909144442,31.08309167,3.244564443,3.587038581,68.72370288,68.95123563
Thailand,2013,1.778745892,30.72596667,3.791264509,2.883779237,65.2911331,67.17114107
Thailand,2014,1.441465365,32.47983333,1.22145318,1.40957646,62.51136028,68.39413516
Thailand,2015,0.722113573,34.24771667,2.22468549,1.243732276,57.20297188,67.63669027
Thailand,2016,2.63616762,35.29638333,0.843364341,3.239895788,53.50434332,67.07088397
Thailand,2017,1.89994499,33.93981106,1.815502601,3.107661534,54.21859497,66.67283247
Thailand,2018,1.428586164,32.31022574,2.712798351,3.379806519,56.00376783,64.8380969
Thailand,2019,1.014423406,31.04760578,1.017348776,1.868378625,50.17062409,59.51889062
Thailand,2020,-1.298775057,31.29367321,-0.857989527,3.717788023,46.30631664,51.49442661
Thailand,2021,1.771072263,31.97709344,3.039881536,3.833984555,58.59226588,58.55223774
Thailand,2022,4.766995787,35.06135021,2.391795941,1.574820679,67.49347955,65.36290249
Thailand,2023,1.220238118,34.80218858,1.265328501,2.655587901,63.688566,65.44769629
Indonesia,1974,47.31049663,415,0.705825551,,21.42043332,28.99794546
Indonesia,1975,12.46805837,415,4.241288511,,21.97350208,22.54775559
Indonesia,1976,14.4567946,415,2.005921431,,20.83249821,22.17409014
Indonesia,1977,13.01236266,415,0.513000573,,20.07921855,23.49098139
Indonesia,1978,12.06489856,442.0454167,0.811785371,,20.84762156,21.86714148
Indonesia,1979,31.18718861,623.0555,0.439687122,,23.58971317,30.06582275
Indonesia,1980,29.14549977,626.994,0.248336362,0.008277879,22.1798762,30.47417027
Indonesia,1981,10.15071465,631.7566667,0.155522389,-0.001169341,25.5468562,27.63044404
Indonesia,1982,7.9505039,661.42075,0.249560637,-0.003327475,26.29719315,22.37903429
Indonesia,1983,18.61270035,909.2648333,0.360261288,0.002467543,28.8138284,27.74540826
Indonesia,1984,10.42182968,1025.944833,0.261626776,0.021212982,22.79564137,27.31497861
Indonesia,1985,6.191363691,1110.58,0.363468003,0.038691755,20.94070151,23.7776708
Indonesia,1986,2.253771484,1282.56,0.322685251,-0.013757898,20.51393571,20.49560246
Indonesia,1987,16.00381571,1643.848333,0.507048517,-0.006585046,22.39744778,24.5768001
Indonesia,1988,7.629109333,1685.704167,0.683272607,0.030842166,22.21290203,25.0416594
Indonesia,1989,9.485029636,1770.059167,0.722064256,0.033879848,22.99432903,26.08755466
Indonesia,1990,9.093949698,1842.813333,1.029764943,-0.0103636,25.58610246,27.30575898
Indonesia,1991,8.767038886,1950.3175,1.27077228,0.011147125,26.48830381,28.35126107
Indonesia,1992,7.288856258,2029.920833,1.387988834,0.557695007,27.1199706,30.30746351
Indonesia,1993,19.15257826,2087.103867,1.268300646,0.225306901,23.76857247,26.75481342
Indonesia,1994,7.776572803,2160.753675,1.19225193,0.344277584,25.3656732,26.51142785
Indonesia,1995,9.882045131,2248.607975,2.15007984,0.298319867,27.64642505,26.31216501
Indonesia,1996,8.676509755,2342.296292,2.724197886,0.263887428,26.44019168,25.82455198
Indonesia,1997,12.5713763,2909.38,2.167796852,0.08250328,28.13461553,27.85924328
Indonesia,1998,75.27116877,10013.6225,-0.252290448,0.046099583,43.21805779,52.96813457
Indonesia,1999,14.16119599,7855.15,-1.332573541,0.051428075,27.42978378,35.51412908
Indonesia,2000,20.44745685,8421.775,-2.757439934,,30.45956744,40.97730847
Indonesia,2001,14.29571544,10260.85,-1.855686193,,30.76106843,39.0321391
Indonesia,2002,5.896051693,9311.191667,0.074151638,,26.39184088,32.68762089
Indonesia,2003,5.487429138,8577.133333,-0.25425632,,23.13883897,30.47765478
Indonesia,2004,8.550727032,8938.85,0.73824398,1.326912265,27.54460022,32.21669462
Indonesia,2005,14.33178708,9704.741667,2.916114833,1.072170848,29.92066824,34.06726763
Indonesia,2006,14.08742442,9159.316667,1.347942641,0.747661386,25.6224105,31.03471631
Indonesia,2007,11.25857853,9141,1.603010572,1.081667967,25.39353149,29.43571849
Indonesia,2008,18.14975125,9698.9625,1.826329024,1.156291483,28.75311546,29.80828417
Indonesia,2009,8.274752432,10389.9375,0.90391942,0.416828151,21.3530017,24.15911967
Indonesia,2010,15.26429366,9090.433333,2.025179146,0.554325078,22.40224294,24.29903094
Indonesia,2011,7.465943034,8770.433333,2.302984294,1.01196597,23.8526601,26.32735309
Indonesia,2012,3.753878753,9386.629167,2.309780318,0.815426294,24.98851951,24.59437879
Indonesia,2013,4.965990291,10461.24,2.551356334,1.217686934,24.7137963,23.92357638
Indonesia,2014,5.443174549,11865.2113,2.819972604,1.16607114,24.41419099,23.6659846
Indonesia,2015,3.98024266,13389.41294,2.297616394,1.054144745,20.77746098,21.16017926
Indonesia,2016,2.438924087,13308.3268,0.487372471,-1.244176833,18.33234795,19.08899385
Indonesia,2017,4.292678122,13380.83388,2.019489198,0.197738766,19.17819264,20.17730444
Indonesia,2018,3.818323569,14236.93877,1.814289794,0.613968177,22.07156246,21.0027465
Indonesia,2019,1.5984885,14147.67136,2.233362043,0.398756295,19.03624974,18.5915278
Indonesia,2020,-0.401651435,14582.20347,1.81058402,0.475197656,15.64100712,17.33116828
Indonesia,2021,6.003973221,14308.1439,1.787855631,0.330947672,18.78820264,21.41655564
Indonesia,2022,9.566686845,14849.85394,1.872676381,0.502990001,20.96215448,24.5037442
Indonesia,2023,1.533073673,15236.88466,1.610733602,0.517913084,19.56908499,21.74658177
Turkiye,1974,28.99234735,1.39E-05,0.180718031,0,11.27470754,5.728116176
Turkiye,1975,21.30924007,1.44E-05,0.247595408,0,11.23177164,4.421346572
Turkiye,1976,15.61265749,1.61E-05,0.019436346,0,10.66569485,4.859086492
Turkiye,1977,24.08902325,1.80E-05,0.046009656,0,10.70718546,3.815204014
Turkiye,1978,47.54114671,2.43E-05,0.051583539,0,7.288703458,4.146911941
Turkiye,1979,76.72086672,3.11E-05,0.083690292,0,5.881717721,3.218026709
Turkiye,1980,93.00322479,7.60E-05,0.026153787,0,11.9278859,5.16193171
Turkiye,1981,44.0570705,0.000111219,0.133464118,0,12.90469561,8.236932034
Turkiye,1982,28.2268344,0.000162553,0.085444425,0,15.01686967,11.86405139
Turkiye,1983,26.25824542,0.000225457,0.074429375,0,16.55783918,12.47321262
Turkiye,1984,48.23683261,0.000366678,0.188529397,1.67E-05,19.67350242,15.60660269
Turkiye,1985,53.05447687,0.000521983,0.147249647,1.49E-05,18.96624923,15.86072288
Turkiye,1986,36.00688555,0.000674512,0.165184331,1.32E-05,16.10202176,13.31243772
Turkiye,1987,33.61222903,0.000857214,0.131895736,0.010322275,17.7574446,15.58084042
Turkiye,1988,69.01813111,0.001422346,0.389545326,1.10E-05,17.55286343,18.65397042
Turkiye,1989,75.40483061,0.002121679,0.618890491,9.33E-06,17.78075249,16.20291575
Turkiye,1990,58.24439811,0.002608642,0.474592696,0.00995649,17.57789265,13.36510285
Turkiye,1991,59.16410689,0.004171816,0.536300486,0.017876683,16.63488156,13.84113011
Turkiye,1992,65.19943828,0.006872423,0.530468058,0.040853583,17.34512991,14.39223573
Turkiye,1993,68.37942836,0.010984628,0.37579866,0.031039417,19.34328493,13.67380285
Turkiye,1994,104.7491372,0.029608676,0.465363886,0.037504655,20.38372113,21.36213121
Turkiye,1995,86.00754244,0.045845061,0.522680251,0.066737704,24.35102725,19.8916075
Turkiye,1996,77.22351222,0.081404892,0.397874164,0.060617947,27.82665675,21.54265814
Turkiye,1997,81.45486258,0.151865,0.423955542,0.132189865,30.38860589,24.58171768
Turkiye,1998,143.6396616,0.26072425,0.340651308,0.132998968,19.72918072,20.66622987
Turkiye,1999,54.2799583,0.418782917,0.30538706,0.251564053,18.85400951,18.8109125
Turkiye,2000,49.36077624,0.6252185,0.358009205,0.317177198,22.47323813,19.8811989
Turkiye,2001,52.97976068,1.225588083,1.661436481,0.246340672,22.68953326,27.18194188
Turkiye,2002,37.57482083,1.507226417,0.450365944,0.059521562,22.87727503,25.10511902
Turkiye,2003,23.28928099,1.500885209,0.541012065,0.152576845,23.21891973,23.0061779
Turkiye,2004,12.42751108,1.42553725,0.681153209,0.190771814,25.20108494,23.62475321
Turkiye,2005,7.085416129,1.343583108,1.98117883,0.210145975,24.26608949,21.87626756
Turkiye,2006,9.376206364,1.428453413,3.623382498,0.165866011,26.36803713,22.39483394
Turkiye,2007,6.199758203,1.302930905,3.235919042,0.309105343,25.96129105,21.88952569
Turkiye,2008,12.04615359,1.301521703,2.576549074,0.330845982,26.98196297,23.56629093
Turkiye,2009,5.446449103,1.549959776,1.32221487,0.239184589,23.4168678,23.37019915
Turkiye,2010,7.009283603,1.50284863,1.171091807,0.190741626,25.50033191,21.19413332
Turkiye,2011,8.200847093,1.674954552,1.929218383,0.28255145,30.31047438,22.99370125
Turkiye,2012,7.422673287,1.796000944,1.560832223,0.466296355,28.46992714,24.36087552
Turkiye,2013,6.280109697,1.903768242,1.416058933,0.379620311,28.73428929,23.79300951
Turkiye,2014,7.389518638,2.188542418,1.420439706,0.75085101,28.56075947,25.2055417
Turkiye,2015,7.84491693,2.720008528,2.228704409,0.589600668,26.55726626,24.53127734
Turkiye,2016,8.130478078,3.020134748,1.590809741,0.360821176,25.2446771,23.08350913
Turkiye,2017,10.98242167,3.648132635,1.302694983,0.314672434,29.72274641,26.03942234
Turkiye,2018,16.51227651,4.828370147,1.59826005,0.462789356,31.38152231,31.23269623
Turkiye,2019,13.8677569,5.673819308,1.249267555,0.395660525,30.11907684,33.07421606
Turkiye,2020,14.78934159,7.008605416,1.065471317,0.450482661,32.22296559,29.12079018
Turkiye,2021,28.97300048,8.850407549,1.572819486,0.786836642,35.33874785,35.74369611
Turkiye,2022,96.03619867,16.54886042,1.506528748,0.544030395,42.58592751,38.58420218
Turkiye,2023,68.23393416,23.73856612,0.979295414,0.533242494,34.36076902,31.91583569
Mexico,1974,23.13284835,0.012499969,0.706605555,,10.57244444,8.408666667
Mexico,1975,15.58259721,0.0125,0.520921591,,9.620090909,6.894454545
Mexico,1976,19.36354569,0.01542585,0.823002416,,9.867242888,8.489832239
Mexico,1977,30.44223576,0.022572867,0.399333339,,10.22219578,10.3190914
Mexico,1978,16.00237853,0.022767283,0.641180874,,11.03976893,10.47097133
Mexico,1979,19.67329801,0.022805383,0.990099739,0.001932627,12.45095502,11.18916232
Mexico,1980,41.40513716,0.022951008,1.016650421,0.001604265,12.29199955,10.1426201
Mexico,1981,25.07554762,0.0245146,1.166802633,0.011711241,12.25570652,9.861568427
Mexico,1982,61.08111847,0.0564017,1.029779581,0.051768498,9.707147739,14.42686588
Mexico,1983,88.85988117,0.120093583,1.403625602,-0.023791838,8.981067286,18.11503475
Mexico,1984,59.26463123,0.167827583,0.836993806,0.033398333,9.105274449,16.5671429
Mexico,1985,59.14951623,0.256871583,1.016179642,0.113694943,9.764977499,14.56631489
Mexico,1986,70.85101727,0.611772583,1.783643525,0.238951156,12.92404266,16.68217993
Mexico,1987,142.0253387,1.3781825,1.785247614,-0.022193581,12.72575384,18.536567
Mexico,1988,100.5759863,2.273105,1.585255086,0.021073712,18.6942808,20.09605615
Mexico,1989,27.39440044,2.4614725,1.433584274,0.052817191,19.19745077,19.1321993
Mexico,1990,28.10591239,2.812599167,1.00821548,0.085449079,19.81522536,18.70447105
Mexico,1991,23.71325751,3.01843,1.520727224,0.056495495,19.35314512,16.43339003
Mexico,1992,14.81388558,3.094898333,1.209666873,0.178159451,20.29675146,15.25674444
Mexico,1993,42.86762332,3.115616667,0.827862094,-0.020748423,14.56713888,11.59598468
Mexico,1994,8.360627221,3.375116667,1.981961404,0.191106417,16.40387642,12.75459571
Mexico,1995,38.8092294,6.419425,2.505879998,,20.79990481,22.86592692
Mexico,1996,26.696774,7.599448417,2.125519178,,23.04469158,24.72313195
Mexico,1997,17.73369115,7.91846,2.451009936,,23.23630342,23.25557215
Mexico,1998,15.71605544,9.13604175,2.288368551,,24.81013474,23.2217494
Mexico,1999,15.31908134,9.5603975,2.208484336,,24.59539033,23.41685925
Mexico,2000,10.69796453,9.455558333,2.477192125,,25.67923572,24.23117347
Mexico,2001,6.473009179,9.342341667,3.776078056,0.553216039,23.1988988,21.5412102
Mexico,2002,5.502324113,9.655958333,2.4868575,-0.374567597,23.35806733,21.85176192
Mexico,2003,4.279667222,10.78901917,2.371880321,0.15171109,25.04482337,23.65559351
Mexico,2004,8.117443172,11.28596667,3.068210352,0.556350972,26.93726403,25.10335601
Mexico,2005,5.884982745,10.89789167,2.742201342,0.635899688,27.07557082,25.48707383
Mexico,2006,6.107154348,10.89924167,2.168822832,0.654315001,27.92736792,26.55474817
Mexico,2007,6.127792155,10.92819167,2.813941702,0.755839161,28.47746307,26.78106133
Mexico,2008,6.31038162,11.12971667,2.561520325,0.059234839,29.34522065,27.02006123
Mexico,2009,5.24348244,13.513475,2.083037849,1.236233429,28.07847241,26.51326972
Mexico,2010,4.3729644,12.63600833,2.761405729,1.618872862,30.25592441,29.01746012
Mexico,2011,5.669633674,12.423325,1.944223013,0.941634038,31.71942105,30.44296623
Mexico,2012,4.542214938,13.16945833,1.452588845,1.495868924,32.7184815,31.53945039
Mexico,2013,1.703882786,12.77199167,3.83652713,1.358380901,31.93587419,30.75580058
Mexico,2014,4.368368913,13.29245,2.084141708,0.409978312,32.63541684,31.4629922
Mexico,2015,3.225428927,15.84826667,2.987728589,0.904840485,36.25020199,34.16277269
Mexico,2016,6.077587823,18.66405833,3.497422288,0.707554025,38.87462616,36.81567725
Mexico,2017,6.56759493,18.92651667,2.781041624,0.255698767,39.43803742,37.51408862
Mexico,2018,5.20449997,19.24434167,3.013387108,0.974712289,41.16873121,39.04393044
Mexico,2019,4.319010229,19.26363333,2.296310501,0.466556293,38.93232147,38.5296508
Mexico,2020,4.619790118,21.48560833,2.81198504,0.448976804,37.61918362,39.23537209
Mexico,2021,4.48797277,20.27240833,2.689247498,-0.015685017,42.50010443,40.56919319
Mexico,2022,6.497192004,20.12735,2.670898457,1.184398547,45.65495559,42.73213389
Mexico,2023,4.459913676,17.75871667,1.687984866,0.019788799,37.17604483,35.98173081
Brazil,1974,34.605855,2.94E-12,1.100145985,0.049000624,13.29465026,7.673127811
Brazil,1975,33.92943674,3.52E-12,1.007712209,0.086684921,11.01632354,7.218006826
Brazil,1976,41.20362402,4.62E-12,1.015218821,0.119475913,9.402384911,7.013163072
Brazil,1977,45.39805621,6.12E-12,1.039445031,0.082792676,7.90998825,7.245261155
Brazil,1978,38.22761123,7.82E-12,1.001604534,0.06191374,7.884901519,6.692986079
Brazil,1979,54.36596003,1.17E-11,1.092897634,0.088552268,9.326102558,7.240780049
Brazil,1980,92.14194461,2.28E-11,0.804992589,0.154595646,11.19301262,8.962394873
Brazil,1981,100.5288771,4.03E-11,0.97668674,0.080227839,10.01008362,9.622840371
Brazil,1982,101.0343947,7.77E-11,1.072557546,0.138584755,8.590685846,7.900484525
Brazil,1983,131.4840451,2.50E-10,0.848375851,0.098599307,9.656596957,12.24375557
Brazil,1984,201.7402821,8.00E-10,0.846341839,0.022300099,8.79466213,15.03541254
Brazil,1985,248.5436591,2.68E-09,0.683327514,0.038410499,7.501187488,12.9485791
Brazil,1986,149.1793183,5.91E-09,0.134512965,0.055754649,6.643375075,9.21727907
Brazil,1987,206.2087087,1.70E-08,0.412991261,0.048753459,6.433915312,9.828482027
Brazil,1988,627.9514702,1.14E-07,0.910738735,0.056839971,6.099886162,11.66735855
Brazil,1989,1304.424209,1.23E-06,0.273855966,0.126637197,5.461267975,8.929609672
Brazil,1990,2736.970678,2.96E-05,0.212693159,0.143014106,6.958362597,8.197236485
Brazil,1991,416.6780939,0.000175961,0.322011744,0.296028929,7.914441164,8.677636599
Brazil,1992,969.0129628,0.001953024,0.627986229,0.041743869,8.385063127,10.86831166
Brazil,1993,1996.150247,0.038276611,0.350808565,0.133318116,9.096048892,10.50327166
Brazil,1994,2240.168866,0.664683514,0.584731354,0.1973849,9.161683369,9.513076427
Brazil,1995,93.97804306,0.917666667,0.63158602,0.17989608,9.455584961,7.528875038
Brazil,1996,18.45624377,1.0051,1.475965411,0.104065439,8.905381793,6.730209683
Brazil,1997,7.729023412,1.077991667,2.150453059,0.126308446,9.592559686,6.983649575
Brazil,1998,4.924361585,1.160516667,3.340888093,0.330436199,9.408084592,7.030500339
Brazil,1999,8.010500883,1.813932847,4.733770227,0.249758679,11.41726822,9.564898261
Brazil,2000,5.606065141,1.829423122,5.033916805,0.380970743,12.45171335,10.188048
Brazil,2001,8.225094321,2.349631709,4.147593774,-0.265917235,14.56457435,12.37171067
Brazil,2002,9.798112238,2.920363018,3.253580613,0.486176339,13.38776713,14.23059027
Brazil,2003,14.09102152,3.077475118,1.813400524,0.040984445,12.95960101,15.18078371
Brazil,2004,7.752060763,2.92511945,2.713531663,1.467598865,13.13249097,16.54576151
Brazil,2005,7.431224753,2.434390036,1.733893546,0.326410993,11.84296594,15.24382927
Brazil,2006,6.774274119,2.175326667,1.753125703,2.600007093,11.66738359,14.3743163
Brazil,2007,6.439038087,1.947058333,3.190826013,1.221177746,11.96493627,13.3276751
Brazil,2008,8.778552724,1.833766667,2.990609469,1.539949533,13.7235689,13.53400051
Brazil,2009,7.313482746,1.999428173,1.888482241,-0.273058418,11.25460447,10.85137113
Brazil,2010,8.423338337,1.759226711,3.730012883,1.211633161,11.90659334,10.86558477
Brazil,2011,8.318592219,1.672828755,3.915180114,0.614149754,12.3518925,11.58251268
Brazil,2012,7.943126941,1.953068611,3.754962856,0.084505969,13.23673454,11.87753907
Brazil,2013,7.504564533,2.156089151,3.041509016,0.63261809,14.04372668,11.74223065
Brazil,2014,7.846709744,2.352951963,3.57135267,0.839026343,13.67346299,11.01194282
Brazil,2015,7.566175012,3.326904383,3.592149318,0.173896122,14.05343452,12.90019142
Brazil,2016,8.103604359,3.491313422,4.137378039,0.818262251,12.06700304,12.46667904
Brazil,2017,3.671384513,3.191389446,3.338259817,1.034182606,11.8007665,12.51896787
Brazil,2018,4.493534331,3.653825361,4.078588214,0.105614994,14.24120388,14.6349995
Brazil,2019,4.224258869,3.944471097,3.692673213,1.218157699,14.76733868,14.12291919
Brazil,2020,6.472499608,5.155178788,2.592637953,-0.234891709,15.84852654,16.45355201
Brazil,2021,13.04727088,5.39440079,2.779790849,0.972038153,18.54690039,19.10943037
Brazil,2022,8.570281953,5.163970291,3.822196153,1.70880594,19.18530097,19.630765
Brazil,2023,4.658994759,4.994379763,2.954793452,1.156953403,15.74366717,18.11027942
Costa Rica,1974,23.21302672,7.929999999,2.778803857,,48.12079608,33.14315574
Costa Rica,1975,24.54088981,8.569999999,3.519980417,,38.54777881,30.06200701
Costa Rica,1976,16.6017817,8.569999999,2.567899968,-0.041449825,34.91071601,28.90895548
Costa Rica,1977,16.93877814,8.569999999,2.034222448,0,36.33477341,30.86891026
Costa Rica,1978,7.908481531,8.569999999,1.379424344,0.045413147,36.03145066,28.18118938
Costa Rica,1979,9.14996822,8.569999999,1.07792818,0.027257954,37.19335821,26.92283179
Costa Rica,1980,18.82958041,8.569999999,1.088700755,0.093139798,36.81902092,26.47788286
Costa Rica,1981,41.10214861,21.76333333,2.652638078,0.129582895,48.17618039,43.26835646
Costa Rica,1982,84.1718894,37.40666667,1.108713989,0.092073134,42.16487168,45.0838985
Costa Rica,1983,28.93150769,41.09416667,1.928960466,0.171604391,36.7828696,36.03724268
Costa Rica,1984,16.69450631,44.53268333,1.52712302,0.106543467,33.97153197,34.38199531
Costa Rica,1985,20.54521466,50.45335,1.783525448,0.119922312,32.47613427,30.72320202
Costa Rica,1986,18.04992352,55.98589167,1.380407844,0.081466692,30.49522,31.34099253
Costa Rica,1987,10.14438327,62.7762,1.771472523,0.099273055,35.76648647,31.63231452
Costa Rica,1988,18.83927343,75.80473333,2.648099689,0.019503189,35.81117324,34.0243173
Costa Rica,1989,15.24831945,81.50420833,1.929146885,0.114263389,38.73180458,34.85115542
Costa Rica,1990,18.5479003,91.57929167,2.845043463,0.036766716,41.09489586,34.19026834
Costa Rica,1991,64.77468666,122.4324167,2.472377869,0.077608274,38.03356927,33.40610643
Costa Rica,1992,19.72885314,134.5063333,2.634107925,0.051283517,40.81448325,35.28175224
Costa Rica,1993,10.43557216,142.1716667,2.579244605,0.024046464,43.31511294,36.03722388
Costa Rica,1994,15.67047734,157.0666667,2.837013645,0.044804987,42.11264933,35.88465867
Costa Rica,1995,21.23624379,179.7291667,2.909679642,0.047501449,41.64516005,38.1292145
Costa Rica,1996,15.07506688,207.6891667,3.655886971,0.048722325,44.04517099,40.01199302
Costa Rica,1997,14.67989292,232.5975,3.245762233,0.045027182,46.00412978,41.60906831
Costa Rica,1998,11.93819493,257.2291667,4.490562018,0.045599849,48.07518019,43.96284105
Costa Rica,1999,11.02947138,285.6846948,4.345668347,0.035100869,44.98074801,42.55786576
Costa Rica,2000,9.389713548,308.1866667,4.818464499,0.715280559,43.59460134,42.93032217
Costa Rica,2001,9.720937857,328.8708333,3.892336175,0.428291167,40.34418622,40.5085725
Costa Rica,2002,9.786886283,359.8175269,4.36202694,0.798228883,41.18940913,39.22453521
Costa Rica,2003,10.64823699,398.6622222,4.483539703,0.881714864,42.65599462,40.67171292
Costa Rica,2004,13.35034943,437.935,5.823126533,1.109340772,43.04882373,42.20765346
Costa Rica,2005,13.01332544,477.7867415,7.628435395,0.746472216,45.75814153,43.46452236
Costa Rica,2006,12.98431049,511.3018179,7.928504331,0.963845194,46.5005195,43.31403511
Costa Rica,2007,10.51678595,516.6173902,8.337425979,1.598015783,45.87445834,40.58213751
Costa Rica,2008,11.42378579,526.2355134,7.909006983,0.638293619,47.59505206,38.80646065
Costa Rica,2009,9.701330918,573.2879567,5.251510672,0.892145375,35.1270127,34.63230503
Costa Rica,2010,6.628844862,525.8292007,5.063711702,0.843668492,34.68267834,32.82941135
Costa Rica,2011,4.593225141,505.6642399,6.391725396,0.947210574,36.16667563,32.47247088
Costa Rica,2012,4.733632972,502.901462,5.708661249,1.891867469,35.39722196,31.65131734
Costa Rica,2013,4.590211675,499.7668326,6.291277352,1.577898178,33.47476123,30.59164936
Costa Rica,2014,6.20692042,538.3172003,6.232936622,0.815916446,33.82832677,31.36291528
Costa Rica,2015,3.955215397,534.56577,5.236394577,0.733874239,30.75790407,29.99565786
Costa Rica,2016,1.958764802,544.7393672,4.452962118,0.838445973,30.91838188,31.2600963
Costa Rica,2017,2.858883728,567.5130903,4.833275221,0.450812025,32.3092706,32.76268315
Costa Rica,2018,2.192478428,576.9725012,4.829438721,0.930392938,33.20683124,33.73851078
Costa Rica,2019,2.566792117,587.2945957,4.220940167,0.037083682,31.43520846,34.32532156
Costa Rica,2020,0.772593247,584.900855,3.370435233,0.735208781,28.23338859,31.90649766
Costa Rica,2021,2.374130826,620.78472,5.530729864,0.687526147,34.60528528,36.17635703
Costa Rica,2022,6.280385137,647.1358176,5.305043279,0.885782399,39.82233642,42.40519611
Costa Rica,2023,-0.087922597,544.0507755,5.419180711,1.140911556,33.55636705,38.91563204
Bangladesh,1974,44.5427169,8.226002241,0.017582473,,10.3485456,3.701075465
Bangladesh,1975,80.5697564,12.18618004,0.00793555,,8.100547239,2.895078894
Bangladesh,1976,-17.63041929,15.3991686,0.053572593,0,17.63619316,4.746081768
Bangladesh,1977,-3.210155929,15.3751,0.072322993,0,12.38144623,7.040751965
Bangladesh,1978,25.61888559,15.01611667,0.057974213,0,15.4808518,5.557663161
Bangladesh,1979,12.56450599,15.551925,-0.051460024,0,15.79784406,6.109219481
Bangladesh,1980,17.55506709,15.45405833,0.046917945,0,17.88294732,5.494283791
Bangladesh,1981,9.894690312,17.98669167,0.026469536,0,14.11629594,5.130863153
Bangladesh,1982,9.855812463,22.11788333,0.037570041,0,15.53162433,5.075299866
Bangladesh,1983,8.487755878,24.615425,0.002294153,0,14.71303159,5.603849031
Bangladesh,1984,7.875566349,25.35393339,-0.002924127,0,13.41547204,3.396255135
Bangladesh,1985,18.4951157,27.99459167,-0.029894396,0,12.83770602,5.3844786
Bangladesh,1986,8.254404894,30.4069,0.011189931,0,11.83581054,5.182931963
Bangladesh,1987,11.11963117,30.94983333,0.013190726,0,11.69774799,4.990049639
Bangladesh,1988,7.495835297,31.7332486,0.006916145,0,12.24976334,5.428300965
Bangladesh,1989,8.33797325,32.27,0.000861339,0,12.7850303,5.540143718
Bangladesh,1990,6.532735292,34.56880833,0.010249846,0.001582362,13.05818553,5.908316487
Bangladesh,1991,2.729531995,36.59618333,0.004491464,0.001292095,12.22721492,6.662611969
Bangladesh,1992,2.5821619,38.95075833,0.011737576,0.000315369,12.34732859,7.58667691
Bangladesh,1993,0.155518173,39.5672575,0.042361655,0.000603018,14.10431403,9.017269036
Bangladesh,1994,3.966216316,40.21173917,0.033012231,0.000592265,13.86432091,9.001543646
Bangladesh,1995,7.144938703,40.27831833,0.004998378,0.004480789,17.34486186,10.86463421
Bangladesh,1996,19.14321311,41.79416833,0.029134955,0.02691733,16.36958007,9.70650765
Bangladesh,1997,3.800232201,43.89211583,0.288896568,0.006354364,15.80514283,10.52037056
Bangladesh,1998,4.736212562,46.90565167,0.380236167,0.006006176,16.12273217,11.75733123
Bangladesh,1999,3.781037737,49.0854,0.350304291,0.000116948,16.62929817,11.75864239
Bangladesh,2000,3.446659349,52.14166667,0.525362089,0.003747439,16.97751313,12.34420123
Bangladesh,2001,3.261160132,55.80666667,0.145443905,0.038154302,18.71145786,13.38655921
Bangladesh,2002,3.892867435,57.888,0.095579368,0.004828746,16.55741179,12.40996893
Bangladesh,2003,5.815816648,58.15004,0.445960783,0.004617465,16.2267362,11.4311487
Bangladesh,2004,4.56213638,59.51265833,0.689472336,0.006249292,15.7117252,11.14650895
Bangladesh,2005,4.586360706,64.327475,1.170651674,0.00279221,20.00409297,14.3928419
Bangladesh,2006,5.875935811,68.93323333,0.6358639,0.00500701,21.75846087,16.35346357
Bangladesh,2007,6.471260105,68.874875,0.817756923,0.168648073,22.94704781,16.99533485
Bangladesh,2008,7.860966094,68.598275,1.449657916,0.208060861,24.96205555,17.65885848
Bangladesh,2009,6.764354681,69.03906667,0.879517143,0.176461528,23.15266332,16.94013291
Bangladesh,2010,7.144663028,69.64929167,1.068967663,0.057637627,21.77872999,16.02411269
Bangladesh,2011,7.859450853,74.1524,0.983399364,0.231273006,27.49877488,19.92207496
Bangladesh,2012,8.164573676,81.86265833,1.188503919,0.216830927,27.94933388,20.16158886
Bangladesh,2013,7.174953432,78.103235,1.735320125,0.364587069,26.75852861,19.53787411
Bangladesh,2014,5.668788525,77.64140833,1.468703051,0.0241603,25.5244202,18.98966
Bangladesh,2015,5.872777041,77.94690833,1.450782455,0.030695908,24.74932252,17.33667379
Bangladesh,2016,27.85073772,78.46809167,0.87952834,0.015276289,17.41294565,13.92120448
Bangladesh,2017,5.047597582,80.43754167,0.616341785,0.043148885,17.17998378,12.81974689
Bangladesh,2018,5.805538767,83.46620192,0.753549134,0.005977682,19.83984378,12.67478794
Bangladesh,2019,3.658137552,84.4535225,0.543244142,0.006565969,18.48329716,13.09475734
Bangladesh,2020,3.841063386,84.87139167,0.407859895,0.001285526,15.82865931,10.44278806
Bangladesh,2021,4.121174707,85.08376325,0.414118154,0.0199832,17.0612258,10.6627789
Bangladesh,2022,5.049021879,91.74545444,0.355308724,0.006867194,20.89774084,12.88222643
Bangladesh,2023,6.89712404,106.3094843,0.316668222,-0.000471552,17.82580758,13.15716383
India,1974,16.66751573,8.101603227,0.05724098,,6.02056925,4.831321003
India,1975,-1.648681551,8.375891946,-0.010486285,0,6.646916056,5.647062158
India,1976,5.981859341,8.960412728,-0.007502625,0,6.114690211,6.686512862
India,1977,5.637229338,8.738576171,-0.029682276,0,6.264929324,6.383171814
India,1978,2.46028232,8.192840348,0.013175305,0,6.588186608,6.314825235
India,1979,15.72804321,8.125790946,0.031746044,0,8.169166374,6.749638157
India,1980,11.50832081,7.862944701,0.042484089,0.002146745,9.245025716,6.139551132
India,1981,10.82758198,8.658522817,0.047505995,0.001033638,8.571238135,5.936026627
India,1982,8.095863101,9.455131933,0.035911504,0.000498217,8.142627901,5.983299849
India,1983,8.552859602,10.09889824,0.002584049,0.002290823,7.852964463,5.837629424
India,1984,7.923232848,11.36258333,0.009068728,0.00188539,7.725974551,6.283401393
India,1985,7.193785445,12.36875,0.04562784,0.001290258,7.645481198,5.254554996
India,1986,6.789400454,12.61083333,0.047283784,-0.000401629,7.023050239,5.19622166
India,1987,9.327893306,12.9615,0.076091199,0.001791899,6.980233152,5.604580884
India,1988,8.232515369,13.91708333,0.030766412,0.003708828,7.455230361,6.035219755
India,1989,8.436808869,16.2255,0.085156821,0.003377898,8.152001813,7.016130278
India,1990,10.66830385,17.5035,0.001869281,0.001869281,8.452911276,7.053350234
India,1991,13.75181894,22.74243333,0.02722554,-0.004072485,8.493485781,8.494240771
India,1992,8.965152362,25.91808333,0.095941949,0.008327317,9.590172117,8.842926925
India,1993,9.861782855,30.49329167,0.197056426,0.000125545,9.817322332,9.834217455
India,1994,9.980044769,31.3737425,0.297386581,0.025233624,10.19005946,9.888084916
India,1995,9.062702224,32.42707667,0.59498633,0.032527051,12.02348067,10.84396804
India,1996,7.575018289,35.43317333,0.617479352,0.060912857,11.5443186,10.38516927
India,1997,6.476271259,36.31328583,0.86020896,0.027152632,11.92866955,10.69071732
India,1998,8.010167525,41.259365,0.625286204,0.011295331,12.6810009,11.01846918
India,1999,3.068395523,43.05542833,0.472644191,0.017295949,13.36353343,11.45206461
India,2000,3.64497016,44.941605,0.765211694,0.108782632,13.9036866,12.99723631
India,2001,3.215616017,47.18641417,1.05638021,0.217149785,13.43487512,12.55837963
India,2002,3.715683778,48.61031917,1.011569465,0.244897118,15.24427901,14.26438392
India,2003,3.867798085,46.58328417,0.605887857,0.203693409,15.64452227,14.94791386
India,2004,5.725413228,45.31646667,0.765596855,0.259050392,19.6446891,17.85912496
India,2005,5.621903263,44.099975,0.886098378,0.321892641,22.39642292,19.60524669
India,2006,8.400938217,45.30700833,2.130168425,1.492867398,24.45653908,21.26794142
India,2007,6.944418252,41.34853333,2.073394047,1.399326213,24.88656893,20.79969975
India,2008,9.193969626,43.50518333,3.620523235,1.606189451,29.27086318,24.09735726
India,2009,7.040365436,48.40526667,2.651590332,1.199472947,25.87235027,20.40051937
India,2010,10.52603086,45.72581212,1.635034094,0.952969169,26.85427325,22.40093325
India,2011,8.733578906,46.67046667,2.002063463,0.691587283,31.08346869,24.54041132
India,2012,7.934387478,53.43723333,1.31293453,0.467994186,31.25929107,24.53443066
India,2013,6.186504001,58.59784542,1.516276467,0.095057271,28.41327065,25.4308613
India,2014,3.331756917,61.02951446,1.69565959,0.573112117,25.95422274,22.96796301
India,2015,2.279588108,64.15194446,2.092115214,0.357212266,22.10972471,19.81318916
India,2016,3.237974951,67.19531281,1.937364122,0.21994507,20.9242508,19.15823491
India,2017,3.969257934,65.12156865,1.507315833,0.418263547,21.95073212,18.79176484
India,2018,3.884240272,68.38946709,1.558214838,0.422422743,23.68914073,19.9278286
India,2019,2.405517161,70.42034054,1.78482634,0.463417726,21.24113863,18.6642649
India,2020,4.814857919,74.09956688,2.406203227,0.41582373,19.0756284,18.68247693
India,2021,8.354907715,73.91801282,1.41217101,0.544277281,24.02393045,21.39915833
India,2022,6.747513083,78.60449058,1.489211205,0.433349562,26.76483213,23.20048784
India,2023,1.334050656,82.59927645,0.787065923,0.389022165,24.07363871,21.8482115
Pakistan,1974,26.07370179,9.9,0.044947901,,17.25499989,13.57517423
Pakistan,1975,21.09809891,9.9,0.222605974,,20.70100645,11.68703849
Pakistan,1976,11.5024599,9.9,0.062427701,0,18.29799638,10.64787825
Pakistan,1977,10.50666589,9.9,0.100642225,0,17.85733365,9.343029623
Pakistan,1978,8.982345696,9.9,0.181192853,0,18.48764277,9.430399129
Pakistan,1979,6.533400072,9.9,0.295880697,0,21.81925455,11.04532745
Pakistan,1980,9.008209361,9.9,0.269010726,0,23.30610345,12.59079593
Pakistan,1981,10.07733958,9.9,0.384634937,0,22.33281571,12.83519533
Pakistan,1982,9.371647737,11.84746667,0.207749628,0,21.13191366,10.19036954
Pakistan,1983,5.274083629,13.116975,0.102666736,0,22.50848686,12.18347526
Pakistan,1984,9.653554452,14.04633333,0.178192349,-0.015037355,21.96797538,11.39465748
Pakistan,1985,4.534942787,15.92839167,0.421864139,-0.025256205,22.60455738,10.56618879
Pakistan,1986,3.292000837,16.64750833,0.331452709,-0.002036591,20.11050819,12.29622259
Pakistan,1987,4.518205778,17.3988,0.387921173,0.057649399,19.08768706,13.80941484
Pakistan,1988,9.61756065,18.00329167,0.484736839,0.03311824,19.42539781,13.85882802
Pakistan,1989,8.585048017,20.54149167,0.5242572,0.107248749,20.34972621,14.07193291
Pakistan,1990,6.451999168,21.707375,0.612997662,0.004869438,20.24585749,14.78871841
Pakistan,1991,13.49241625,23.80076667,0.566383737,-0.008191183,18.48726239,16.93239271
Pakistan,1992,10.20140776,25.08279167,0.688313624,-0.023688197,20.42381241,17.27072731
Pakistan,1993,8.838553128,28.10718333,0.672760012,-0.004156459,22.29722226,16.20209462
Pakistan,1994,13.02841605,30.56659167,0.805118941,0.001848479,18.89934314,16.15838057
Pakistan,1995,13.00648447,31.64268333,1.19175194,0.000676913,19.42278402,16.70996966
Pakistan,1996,8.373609995,36.07868333,1.456054495,0.010716051,21.42702506,16.90310178
Pakistan,1997,13.38351464,41.111525,1.14722858,-0.03894469,20.77031288,16.08195323
Pakistan,1998,7.526036896,45.04666667,0.813610046,0.08039625,17.526934,16.48479118
Pakistan,1999,5.862286184,49.50069158,0.844795007,0.033347171,16.96646348,15.35349933
Pakistan,2000,68.010445,53.6481865,0.309595026,0.011056965,11.83034322,9.629626104
Pakistan,2001,6.012792434,61.92716167,0.389106586,0.026763945,12.95103576,10.62617308
Pakistan,2002,3.921378571,59.72378167,0.8435173,0.031657429,11.86605503,11.26296557
Pakistan,2003,3.55265808,57.75199667,0.475207712,0.01690814,12.48552221,12.16464391
Pakistan,2004,7.251342984,58.25786333,0.845585702,0.042354919,13.38536671,11.42297416
Pakistan,2005,5.556081768,59.514475,1.515750831,0.030989908,17.62665207,12.25184593
Pakistan,2006,5.997638177,60.271335,2.639750062,0.067337411,20.50076882,12.54894332
Pakistan,2007,10.33132459,60.73851583,3.035719338,0.053220124,19.16280425,11.6250762
Pakistan,2008,10.92046727,70.40803333,2.689366561,0.024232983,22.47314197,11.87581844
Pakistan,2009,12.37462629,81.71289167,1.248013055,0.037899455,20.93589908,12.39098651
Pakistan,2010,10.58864426,85.19381633,1.027911081,0.023893086,19.35177607,12.63722214
Pakistan,2011,16.41095627,86.34338333,0.575055146,0.026887948,18.88008341,13.48255486
Pakistan,2012,9.918315438,93.39519722,0.343453049,0.030786827,19.44500859,11.87396218
Pakistan,2013,7.383106967,101.6288992,0.515353849,0.081961752,18.71277574,12.17749928
Pakistan,2014,7.209765439,101.1000884,0.695308117,0.044953678,18.2748533,11.19497253
Pakistan,2015,4.441980334,102.7692716,0.557734356,0.008334345,16.71361359,9.974571017
Pakistan,2016,0.922163326,104.769117,0.821349998,0.016580047,15.96486227,8.736717247
Pakistan,2017,4.029745993,105.4551621,0.73583705,0.015329939,17.25042394,8.221612469
Pakistan,2018,3.841786633,121.8240689,0.487745751,-0.005896753,19.04425666,8.581799708
Pakistan,2019,9.036334842,150.0362538,0.69614648,-0.026487221,19.51471242,9.390863379
Pakistan,2020,9.944498211,161.8384797,0.68469529,-0.01497875,17.41772142,9.298559043
Pakistan,2021,10.26734208,162.9062537,0.616039439,0.069437142,17.9788211,9.051600462
Pakistan,2022,13.93701124,204.8671875,0.389980754,0.30862362,22.49076283,10.54059065
Pakistan,2023,25.99976834,280.3561117,0.606074414,0.009469913,18.12037464,10.4799366
Philippines,1974,32.89028416,6.787874999,0.837653663,,,
Philippines,1975,9.479603941,7.247899999,0.67554592,,,
Philippines,1976,8.382849693,7.440258332,0.79201054,,,
Philippines,1977,8.366804655,7.402824999,0.942417831,0.004487704,,
Philippines,1978,9.35615313,7.365758333,0.392046889,0,,
Philippines,1979,14.94096759,7.377549999,0.022422748,0,,
Philippines,1980,14.23459251,7.511433332,-0.287667627,0.233390716,,
Philippines,1981,11.76474699,7.899649999,0.424697767,0.116051134,19.1140962,16.15668468
Philippines,1982,8.643508075,8.539999999,0.037909292,0.144529175,18.30902706,13.87111319
Philippines,1983,14.24821778,11.11271667,0.278078073,0.07150579,19.60243926,14.71057258
Philippines,1984,52.95945072,16.69870833,0.025188786,0.04198131,17.881515,16.94246935
Philippines,1985,17.06101474,18.60734167,0.034323484,0.165896837,15.81839857,17.02212327
Philippines,1986,2.891936388,20.38568333,0.373670007,0.032365119,16.17388358,18.56612321
Philippines,1987,7.497125854,20.567675,0.812352228,0.140243218,18.81586849,18.54153262
Philippines,1988,9.759959119,21.094675,2.16907027,0.037078124,19.32428189,19.99936372
Philippines,1989,9.09994145,21.73668333,1.160495168,0.018551433,21.54303471,19.73988958
Philippines,1990,12.95683835,24.3105,1.049332763,0.043557209,23.52914314,19.39321314
Philippines,1991,16.39511964,27.47863333,1.050514594,0.052139511,23.2547826,20.96514118
Philippines,1992,7.881863811,25.51249167,0.37734395,0.16715675,24.21147819,20.77966454
Philippines,1993,6.809621987,27.11984167,1.995598427,0.602870607,28.16191255,22.30313037
Philippines,1994,10.06023051,26.41716667,2.174705331,0.412797618,28.45083795,24.07566586
Philippines,1995,7.642303855,25.71446667,1.74612998,0.47138421,31.38451631,25.94604166
Philippines,1996,7.688965478,26.2161,1.6027794,0.192291266,34.96858218,28.88672137
Philippines,1997,6.259815756,29.47065833,1.298531312,0.144517396,42.14250018,35.08614574
Philippines,1998,10.40567036,40.89305,3.070111177,0.214786965,42.27033312,37.8068684
Philippines,1999,6.33463973,39.08898333,2.135679994,0.834888571,38.75033498,38.41115874
Philippines,2000,5.816933559,44.19225,1.777224529,-0.750569606,41.8091493,43.34421929
Philippines,2001,5.618862266,50.99265,0.962985444,0.538511597,43.74488712,41.15550151
Philippines,2002,4.231091814,51.60356667,2.098275045,0.346351788,43.83912415,40.00567994
Philippines,2003,3.192131329,54.20333333,0.565263243,0.349268346,45.26962599,42.30501837
Philippines,2004,5.890758534,56.03991667,0.623144778,0.508410351,45.29844383,41.82684099
Philippines,2005,5.910893448,55.08549167,1.549060092,0.73926407,42.61563535,41.23003922
Philippines,2006,5.111586663,51.3142725,2.120918865,0.83688858,39.6050793,41.24545937
Philippines,2007,3.164289755,46.14839118,1.871212459,3.444449218,35.63079365,38.01418634
Philippines,2008,7.179216183,44.32328761,0.737800589,1.084673638,34.32423753,33.35683324
Philippines,2009,2.738258566,47.67968845,1.173248212,1.078069311,30.66706519,30.2195256
Philippines,2010,4.37088436,45.10966418,0.51369805,1.301617766,33.22944879,32.87482972
Philippines,2011,3.918805781,43.31313692,0.856963003,1.003190992,31.69040782,29.10542888
Philippines,2012,1.994176101,42.22879473,1.227630007,1.593315407,30.37493165,27.46707386
Philippines,2013,2.06106335,42.44618483,1.316426384,1.284576598,29.64736142,26.17741981
Philippines,2014,3.053055308,44.3951543,1.929375228,2.270351578,30.1136679,27.35450419
Philippines,2015,-0.719682789,45.50283994,1.840180107,1.807661946,31.93353487,27.20805724
Philippines,2016,1.280311738,47.49246386,2.598508035,0.752206999,35.10306242,26.67300334
Philippines,2017,2.320259947,50.40371979,3.122387784,1.00606554,38.61607889,29.55229086
Philippines,2018,3.740653831,52.66142995,2.868338261,1.186620844,41.94979293,30.21360537
Philippines,2019,0.697076301,51.79578265,2.301174986,0.889259182,40.45892225,28.38292001
Philippines,2020,1.650490185,49.624096,1.885863632,0.98466344,32.96672099,25.20283931
Philippines,2021,2.28247846,49.25459773,3.040788553,0.571223748,37.7325749,25.75203492
Philippines,2022,5.488648202,54.47778584,2.347509723,0.954928174,44.04228206,28.38740155
Philippines,2023,4.596485062,55.63036322,2.0854108,0.893346095,40.74292866,26.65369179
Morocco,1974,23.89823584,4.369766666,-0.265781891,,28.19260584,27.55664878
Morocco,1975,0.931315959,4.052487499,0.055871809,0,33.34596688,22.47287908
Morocco,1976,4.976593893,4.419312499,0.396637976,0,36.72938899,17.91505336
Morocco,1977,10.77096653,4.503345832,0.072345816,0.444406375,37.32119531,16.8959627
Morocco,1978,8.417213279,4.166670832,0.088842155,0.270001927,30.06835406,16.37088878
Morocco,1979,7.344609064,3.899134166,0.046741774,0.19682585,29.86461003,17.01013813
Morocco,1980,33.02313144,3.936645832,0.411515549,0,28.00613376,19.33593407
Morocco,1981,9.470476914,5.172295832,0.329327216,0,34.76484493,22.67121087
Morocco,1982,6.298352503,6.023022499,0.449507875,0,33.73553124,21.60473912
Morocco,1983,6.970198035,7.111323332,0.28381309,0,29.85939681,22.75469821
Morocco,1984,6.201153438,8.810535833,0.316966267,0,34.72850022,25.6341793
Morocco,1985,8.95364432,10.06249417,0.13324521,0.00370723,33.80184833,25.5132263
Morocco,1986,7.490749486,9.104441666,0.002821807,0.006556183,28.3982359,21.88236768
Morocco,1987,3.014808423,8.359225,0.273716354,0.036755929,27.17625249,22.48125303
Morocco,1988,3.670596552,8.20915,0.329354803,0.055065179,25.14105631,24.99654686
Morocco,1989,2.919979056,8.48817,0.634848536,0.006163665,27.79590745,22.5549373
Morocco,1990,7.694359622,8.242341667,0.547127983,0.043074949,30.06736691,24.55932051
Morocco,1991,5.396316187,8.70655,0.983294101,0.070438579,27.46052773,22.31876775
Morocco,1992,4.587878321,8.537875,1.253209909,0.096240406,28.09116157,22.17215462
Morocco,1993,3.034982463,9.298709167,1.552546867,0.073041045,27.60770512,22.0607515
Morocco,1994,0.65534023,9.202715,1.547360542,0.06714385,26.37505227,20.93850146
Morocco,1995,7.538402939,8.540235833,0.857714129,0.037500618,29.04180535,22.67322004
Morocco,1996,0.435488567,8.715875833,0.828037046,0.070177136,25.25956849,21.83597496
Morocco,1997,0.713391643,9.527106667,2.757090065,0.021985937,27.22603678,23.92411787
Morocco,1998,11.65717021,9.604415833,0.663931271,-0.008732991,24.62992389,21.04243571
Morocco,1999,-0.120156156,9.804419167,1.787417035,-0.009699846,25.9442072,22.63466928
Morocco,2000,-1.767598684,10.62563617,0.991581859,0.136035125,29.24347795,24.19682789
Morocco,2001,0.614522912,11.302975,6.444129284,0.221425546,28.09602566,25.39554536
Morocco,2002,0.959559339,11.02058333,1.020357578,0.060175231,28.3657481,25.94437981
Morocco,2003,0.860408255,9.574383333,3.985619848,0.02173638,27.65537168,24.67648658
Morocco,2004,0.913545179,8.868016667,1.351186477,0.04677078,30.20243297,25.34920551
Morocco,2005,0.886221376,8.865008333,2.426354676,0.10764321,33.49792805,27.99589963
Morocco,2006,1.445366785,8.795583333,3.242834977,0.594159855,35.04323098,29.6289668
Morocco,2007,3.171544123,8.192333333,3.249993323,0.726848538,39.92187297,31.42777381
Morocco,2008,4.830386393,7.750325,2.422135089,0.310273289,45.36224823,32.47222341
Morocco,2009,-0.452558781,8.0571,1.947827443,0.473554357,36.65377848,25.71717754
Morocco,2010,0.647501047,8.417158333,1.229982458,0.575002424,39.75303093,29.78894868
Morocco,2011,-0.598844907,8.089875,2.290468405,0.225309507,44.87138723,31.95448426
Morocco,2012,0.533172462,8.628444583,2.657587126,0.336236851,46.12500575,32.09709615
Morocco,2013,1.260262483,8.405503917,2.90386264,0.384225017,43.60449089,30.25326564
Morocco,2014,0.215437762,8.406336688,2.959254355,0.361972658,41.76058012,30.13298664
Morocco,2015,3.17293531,9.76434828,2.946111084,0.594665586,37.29282204,29.99585389
Morocco,2016,0.969883868,9.807476032,1.930005403,0.51904225,40.38806524,30.73459514
Morocco,2017,-0.060891014,9.691997889,2.260921961,0.853851473,41.56689689,32.60646099
Morocco,2018,0.939181638,9.386102421,2.783379368,0.613210592,43.42645015,33.82843737
Morocco,2019,0.816805456,9.6170761,1.334797896,0.692783108,41.90505841,34.09305747
Morocco,2020,0.142417962,9.496847322,1.169073346,0.378478052,38.04969644,30.79410695
Morocco,2021,2.415203557,8.988484024,1.594223214,0.452579869,42.38733224,33.13608494
Morocco,2022,2.661861206,10.16066024,1.7520598,0.488314821,56.32058129,44.81180076
Morocco,2023,6.360948882,10.1314261,0.758899868,0.578836049,51.03932189,42.75208117
Kenya,1974,16.04927221,7.142859999,0.788563124,,40.89752051,33.67588385
Kenya,1975,11.83510863,7.343193332,0.526447707,0.041781564,34.51158185,29.82368597
Kenya,1976,18.90617186,8.367144999,1.334617502,0.12383049,31.75563773,32.45047124
Kenya,1977,16.89982062,8.276560832,1.258132183,0.059142966,31.5930964,34.95886876
Kenya,1978,3.080995548,7.729383332,0.64886592,0.04390822,38.68802232,28.93551834
Kenya,1979,5.638644064,7.475309166,1.347523788,0.094412495,31.61102051,25.75315424
Kenya,1980,9.550720036,7.420187499,1.086996733,0.014839546,35.89983172,29.51696422
Kenya,1981,10.85307727,9.047498333,0.206398341,0.085461813,33.82030444,30.45988132
Kenya,1982,11.59255375,10.922325,0.202141562,0.149470873,31.55827115,26.657466
Kenya,1983,11.83803749,13.31151667,0.397023839,0.242486079,28.21277299,25.94993241
Kenya,1984,10.19071998,14.413875,0.173683868,0.110933568,32.05400493,26.74989265
Kenya,1985,8.305782696,16.43211667,0.470183996,0.088283493,30.14650159,25.29893296
Kenya,1986,8.711723591,16.22574167,0.452068029,0.068108178,29.89303032,25.84835527
Kenya,1987,5.401952084,16.45449167,0.494068896,0.385800712,26.39754666,21.30522135
Kenya,1988,6.455624279,17.7471,0.004720678,0.026300921,27.60376853,22.37121356
Kenya,1989,9.769009373,20.57246667,0.750803543,0.01643153,30.1233478,23.03302943
Kenya,1990,10.63719874,22.91476667,0.665873839,-0.005163689,31.32830772,25.69260596
Kenya,1991,12.5319619,27.50786667,0.231012731,0.00245354,28.5560669,27.04163232
Kenya,1992,18.89723408,32.21683333,0.077512968,-0.001157006,26.67049591,26.26037419
Kenya,1993,25.69848361,58.00133333,2.532352574,0.048475199,33.95485119,38.90363017
Kenya,1994,17.01641479,56.050575,0.103976751,0.013491605,34.22584439,37.04028084
Kenya,1995,11.22107084,51.42983333,0.467474589,0.125522207,39.15404042,32.59170122
Kenya,1996,41.98877391,57.11486667,0.902159605,0.02290559,32.11150875,25.20060195
Kenya,1997,11.43521633,58.73184167,0.473451703,0.045389342,31.37072951,22.68638735
Kenya,1998,6.931402669,60.3667,0.188365603,0.086025264,28.72798111,20.16926083
Kenya,1999,4.193939049,70.32621667,0.402864561,0.19046393,27.35953979,20.8327352
Kenya,2000,6.079848489,76.17554167,0.872896453,7.87E-05,31.72147324,21.58757114
Kenya,2001,1.573120297,78.563195,0.040833358,7.70E-05,33.01525966,22.93157636
Kenya,2002,0.933205556,78.74914167,0.210062365,0.056404117,30.27469965,24.89797261
Kenya,2003,6.197313239,75.93556944,0.548412532,0.013924047,30.04545059,24.08681531
Kenya,2004,7.126841555,79.17387606,0.286194264,0.027437158,32.86674477,26.61025858
Kenya,2005,4.899649721,75.55410945,0.113202069,0.051698599,35.96983595,28.50903021
Kenya,2006,23.53013325,72.10083502,0.196219632,0.09276756,32.25154548,22.98493964
Kenya,2007,8.129485596,67.31763812,2.281243174,0.112749657,31.97579751,21.91899129
Kenya,2008,15.15117496,69.17531982,0.266291327,0.121929054,34.90454109,22.67405755
Kenya,2009,27.69681638,77.3520123,0.274534231,0.108597015,27.17024632,18.77494549
Kenya,2010,1.639199648,79.2331517,0.392164287,0.003475066,30.2699277,20.12435965
Kenya,2011,10.06501297,88.81076997,3.094711034,0.183465809,36.8527289,21.54947707
Kenya,2012,9.522972212,84.52960176,2.44725941,0.422671549,31.7587443,19.86494772
Kenya,2013,7.337562234,86.1228789,1.814170373,0.322048259,29.67246196,17.79218055
Kenya,2014,7.635031901,87.92216381,1.202208424,0.110006521,29.6976849,16.47280447
Kenya,2015,9.238654684,98.17845333,0.883799936,0.345109868,25.19865079,15.1287339
Kenya,2016,5.849628946,101.5043695,0.627591266,0.1562582,21.61527477,13.2497448
Kenya,2017,7.581934028,103.4100045,1.640836904,0.133977018,23.25839793,12.73665994
Kenya,2018,4.215028415,101.301574,0.832686218,-0.003489217,21.87277784,12.54197533
Kenya,2019,4.275234239,101.9912984,0.468168547,0.037086551,20.33146615,11.42799569
Kenya,2020,4.948852833,106.4507802,-0.005368454,0.379259518,17.59594664,9.641868882
Kenya,2021,4.330747559,109.6377466,0.382593997,0.732275713,20.05472884,10.76957434
Kenya,2022,6.957054456,117.8659892,0.691645983,0.472858744,21.49916951,12.19196922
Kenya,2023,6.107802092,139.8463838,0.674542879,0.463243719,20.40597384,11.68610544
"Egypt, Arab Rep.",1974,9.424979917,0.391303667,0.001408609,,31.29741777,20.36741034
"Egypt, Arab Rep.",1975,9.663879251,0.391303667,0.068774733,,35.54630083,18.16794181
"Egypt, Arab Rep.",1976,11.53327899,0.391303667,0.458095934,,27.91814575,17.16731796
"Egypt, Arab Rep.",1977,12.33791714,0.391303667,0.727581477,0.049688491,31.36579008,21.58613381
"Egypt, Arab Rep.",1978,9.547621692,0.391303667,2.148072469,0.132852675,33.93621159,19.903171
"Egypt, Arab Rep.",1979,23.49986564,0.7000007,6.749429233,0.028538813,42.97152461,26.49273846
"Egypt, Arab Rep.",1980,12.43086652,0.7000007,2.53017092,0.03230286,42.86839928,30.51463829
"Egypt, Arab Rep.",1981,-2.198235381,0.7000007,3.399750059,0.027105069,43.49814111,30.96143632
"Egypt, Arab Rep.",1982,24.73085897,0.7000007,1.061542574,0.028927681,37.86872105,26.33327396
"Egypt, Arab Rep.",1983,12.71186441,0.7000007,1.582368423,0.061357143,34.21052632,22.93233083
"Egypt, Arab Rep.",1984,8.247452609,0.7000007,2.146356602,0.047098734,31.96202532,20.56962025
"Egypt, Arab Rep.",1985,11.57604176,0.7000007,3.015277403,0.007681769,27.88203753,18.230563
"Egypt, Arab Rep.",1986,12.87517165,0.7000007,2.951091027,0.014544218,22.22222222,13.83219955
"Egypt, Arab Rep.",1987,12.46937254,0.7000007,2.342602497,0.046965049,22.7184466,12.62135922
"Egypt, Arab Rep.",1988,13.41755434,0.7000007,3.401931818,0.034305195,35.22727273,17.37012987
"Egypt, Arab Rep.",1989,19.13740485,0.866666667,3.144613176,0.056937804,32.33766234,17.79220779
"Egypt, Arab Rep.",1990,17.74305136,1.55,1.707814196,0.027920668,32.56784969,20.35490605
"Egypt, Arab Rep.",1991,16.12527118,3.138008333,0.676690667,0.165829333,35.37777778,27.46666667
"Egypt, Arab Rep.",1992,18.35078068,3.321748333,1.096617326,0.009556578,30.91301222,28.39683681
"Egypt, Arab Rep.",1993,8.429105388,3.3525175,1.058425258,0.05367268,30.09020619,25.83762887
"Egypt, Arab Rep.",1994,8.448871564,3.385133333,2.420132571,0.082854857,28.05714286,22.57142857
"Egypt, Arab Rep.",1995,11.3997415,3.392208333,0.994028431,0.154589706,27.69607843,22.54901961
"Egypt, Arab Rep.",1996,7.107667449,3.391483333,0.940414996,0.0073932,26.19877942,20.74978204
"Egypt, Arab Rep.",1997,9.876277428,3.38875,1.135375893,0.164719067,24.89657766,18.8416698
"Egypt, Arab Rep.",1998,2.377681489,3.388,1.268437022,0.053048017,25.71329158,16.21433542
"Egypt, Arab Rep.",1999,0.919435418,3.39525,1.174392815,0.041340215,23.30949285,15.0520156
"Egypt, Arab Rep.",2000,3.944406994,3.47205,1.236997207,0.051082476,22.81681858,16.20111732
"Egypt, Arab Rep.",2001,1.867699842,3.973,0.527384723,0.012825202,22.33063842,17.47978812
"Egypt, Arab Rep.",2002,3.165579068,4.499666667,0.759753233,0.032649776,22.67088942,18.31617841
"Egypt, Arab Rep.",2003,6.777493606,5.850875,0.295683832,0.025782036,24.38323353,21.79640719
"Egypt, Arab Rep.",2004,11.66990834,6.196241667,1.590836184,0.201694622,29.58994436,28.22996085
"Egypt, Arab Rep.",2005,6.212729506,5.778833333,5.999509006,0.102677809,32.60909935,30.34354689
"Egypt, Arab Rep.",2006,7.359977731,5.733166667,9.348567266,0.138141493,31.56872268,29.94981383
"Egypt, Arab Rep.",2007,12.59573982,5.635433333,8.876336063,0.509668099,34.82814178,30.24973147
"Egypt, Arab Rep.",2008,12.20398446,5.4325,5.831412619,1.179352317,38.63763261,33.04299274
"Egypt, Arab Rep.",2009,11.18554227,5.544553309,3.54835118,0.301987334,31.59662253,24.95682211
"Egypt, Arab Rep.",2010,10.10686463,5.621942918,2.916016576,0.536798028,26.58710426,21.34924581
"Egypt, Arab Rep.",2011,11.66297635,5.932827652,-0.204542849,0.265053971,24.68820655,20.56742761
"Egypt, Arab Rep.",2012,19.48287747,6.056058333,1.002340718,0.075631456,24.31480265,16.39696662
"Egypt, Arab Rep.",2013,8.712674575,6.870325,1.453434208,0.10435659,23.35519243,17.01784562
"Egypt, Arab Rep.",2014,11.2476245,7.077608561,1.509250423,0.082691033,22.67605634,14.24413146
"Egypt, Arab Rep.",2015,9.93088973,7.691258333,2.102581284,0.055166496,21.66209747,13.18384549
"Egypt, Arab Rep.",2016,6.245663134,10.02540079,2.438562781,0.062146232,19.90108511,10.34546394
"Egypt, Arab Rep.",2017,29.51847983,17.78253352,2.983015509,0.08012473,27.81804754,15.01408682
"Egypt, Arab Rep.",2018,21.17482082,17.76729042,3.100400776,0.123192309,27.92636406,17.98465561
"Egypt, Arab Rep.",2019,13.61809591,16.77058184,2.82732945,0.127097247,24.4799857,16.64403145
"Egypt, Arab Rep.",2020,6.176934098,15.75917292,1.52462949,0.085066395,19.65347983,12.47277574
"Egypt, Arab Rep.",2021,4.847156432,15.64452728,1.206178611,0.086419685,19.29582327,10.56115022
"Egypt, Arab Rep.",2022,10.42578924,19.16043974,2.39118081,0.071694103,21.89607906,15.08702582
"Egypt, Arab Rep.",2023,24.82506537,30.6264137,2.484984331,0.098585237,21.34033429,19.10210393
Singapore,1974,16.31557304,2.436866666,6.515152318,0.573710638,164.4933522,149.4716087
Singapore,1975,2.889027175,2.371299999,5.179977656,0.673696516,146.4486805,137.1215046
Singapore,1976,1.719853464,2.470841666,3.646084696,0.71002702,156.4192116,149.4807844
Singapore,1977,2.006678546,2.439399999,4.403737524,1.288294522,164.2247389,162.7589707
Singapore,1978,4.041878856,2.274024999,3.989646352,1.509279705,169.1635674,165.4383937
Singapore,1979,5.235400532,2.174558333,8.992566174,1.800491797,190.3330937,184.6773125
Singapore,1980,11.127109,2.141208333,10.38772838,0.820497064,208.9305594,202.0062158
Singapore,1981,5.875489353,2.112691666,11.71034171,-0.103513143,201.5956115,198.1826568
Singapore,1982,4.532955512,2.140024999,9.959122803,1.891303659,187.1846786,185.352489
Singapore,1983,3.17143965,2.113049999,6.375949254,0.276752388,166.2814651,166.8655736
Singapore,1984,0.787919952,2.133083333,6.591966731,0.467633218,156.6594138,156.4641125
Singapore,1985,-1.465483812,2.20015,5.464176773,1.240887734,151.922531,152.2223147
Singapore,1986,-1.252815787,2.177416667,9.201629956,0.976005326,146.0955134,148.7309471
Singapore,1987,0.532427942,2.105983333,13.5578926,0.985120608,161.0351376,164.003337
Singapore,1988,5.430721317,2.012425,14.40513959,0.46417649,175.1530441,184.7141149
Singapore,1989,4.159170478,1.950258333,9.47499553,2.895717246,168.2769926,179.2956931
Singapore,1990,4.697423305,1.812533333,15.42354724,5.626838029,167.1396734,177.1925444
Singapore,1991,4.435345211,1.72755,10.74886004,1.156533391,155.3418009,168.5461939
Singapore,1992,1.38770306,1.628966667,4.228441213,2.526254577,149.5863175,161.7259498
Singapore,1993,3.456186775,1.615790833,7.732701253,3.550745798,151.7656202,161.6505196
Singapore,1994,3.462739628,1.527444167,11.60308486,6.211340582,150.0231886,166.193359
Singapore,1995,3.176278309,1.417375,13.60039465,8.517530871,164.338323,181.1209409
Singapore,1996,1.506222812,1.410040833,11.872466,9.765926509,159.2680509,175.6431124
Singapore,1997,1.084992218,1.484805833,15.68237091,12.40761209,154.567536,169.2968861
Singapore,1998,-1.328848555,1.673601667,6.950624804,4.224014937,145.2916852,166.7875705
Singapore,1999,-3.577829772,1.694956667,21.84920346,9.630674874,159.7398335,176.7450129
Singapore,2000,3.863477518,1.723963333,16.14889045,7.128012223,176.0136302,188.3508903
Singapore,2001,-1.814431731,1.7917225,18.93986069,22.50090133,166.397925,182.8941807
Singapore,2002,-0.896915632,1.790588333,6.653665882,3.063884894,165.6598959,184.0861181
Singapore,2003,-1.799048869,1.742183333,17.46241537,3.815529558,174.6323579,202.5862064
Singapore,2004,3.95952822,1.690228333,21.20272375,11.4215157,187.5720171,213.9516954
Singapore,2005,1.900518651,1.6643975,15.11335885,9.821407992,195.2708452,225.1596677
Singapore,2006,1.844183014,1.588933333,26.3271523,13.49892247,197.3257825,228.0376171
Singapore,2007,5.916824477,1.507101667,26.16198888,22.59415324,181.5090782,212.7793937
Singapore,2008,-1.381555432,1.414860833,7.023286082,4.113468465,208.332944,228.9937709
Singapore,2009,2.953924644,1.454514713,12.07109441,16.50248471,167.3478768,190.844935
Singapore,2010,1.107808713,1.363508333,23.06947168,14.7648093,171.686595,197.9989608
Singapore,2011,1.170798204,1.257775877,17.59603141,11.41917173,175.7709227,203.3277086
Singapore,2012,0.495345771,1.249676204,18.74352442,6.940331677,172.4933529,196.7196129
Singapore,2013,-0.431059392,1.2513,20.93448104,14.7211671,171.9639837,195.0777963
Singapore,2014,-0.267270042,1.26705,21.81848808,16.66673769,168.5137834,191.9535358
Singapore,2015,3.07195501,1.374825,22.65418269,14.68292981,151.0867904,178.3846085
Singapore,2016,0.489627029,1.381546364,20.48652361,12.37922148,138.5073812,164.7152132
Singapore,2017,2.894041914,1.380925,29.76365175,19.32470543,145.1902735,171.8416227
Singapore,2018,3.604100435,1.348841667,21.7592915,6.348248422,148.4928557,178.2305047
Singapore,2019,-0.204414641,1.364158333,28.09499358,17.98241097,146.7703413,176.3000887
Singapore,2020,-2.438590569,1.379741667,23.10030052,11.38608059,150.1354407,181.5550811
Singapore,2021,10.26376671,1.343483333,31.62074002,14.13646094,146.7744416,183.0105372
Singapore,2022,13.47813801,1.378666667,29.8437976,10.47803144,147.224337,185.7570329
Singapore,2023,-3.069029944,1.342766667,34.94851531,12.56357988,136.9401885,174.3001451
New Zealand,1974,3.666189752,0.715402589,1.804822671,0.150419821,32.92779426,20.6231454
New Zealand,1975,14.62590691,0.832307219,1.074251123,0.16817002,30.03161222,23.1032666
New Zealand,1976,21.49187024,1.00488879,2.040745459,0.2632888,29.26095675,26.68289888
New Zealand,1977,16.61410088,1.030311651,0.999040235,0.207356524,27.7504315,26.14587995
New Zealand,1978,12.98153675,0.964424999,1.477238759,0.302150209,25.89960519,26.64410603
New Zealand,1979,14.22531377,0.978502499,1.69087786,0.359843351,30.17974488,28.62872053
New Zealand,1980,14.90441068,1.026679999,1.437268555,0.305890975,29.88873204,28.805115
New Zealand,1981,16.34730241,1.152794999,0.724730746,0.419207,30.94994544,27.92553191
New Zealand,1982,12.08541043,1.332608332,1.136575662,0.357120768,30.70709506,27.73524625
New Zealand,1983,7.725493259,1.496773332,1.000401244,1.660006459,29.58447106,28.40844575
New Zealand,1984,7.798791398,1.763992499,0.536388549,0.141292594,34.38793826,31.8104583
New Zealand,1985,13.63421319,2.0233725,0.913162317,0.69888958,31.43899355,29.30423428
New Zealand,1986,16.94833531,1.913160833,1.272381374,0.283510481,26.13324591,26.63710248
New Zealand,1987,11.47014821,1.694560833,0.587546174,1.387018206,23.88391488,26.12221745
New Zealand,1988,7.90848888,1.526400833,0.345138194,1.360250531,22.21081597,26.19302223
New Zealand,1989,5.639550995,1.672148333,0.987184304,0.307729176,25.62793079,26.35018595
New Zealand,1990,2.423602981,1.676203333,5.194145378,5.194145378,25.84628318,26.76185847
New Zealand,1991,0.890259839,1.733514167,3.435922636,3.435922636,25.47421907,29.16134637
New Zealand,1992,2.001485484,1.861791667,0.938831062,0.938831062,28.04238208,31.19167677
New Zealand,1993,1.479216075,1.850513333,-2.969081555,-2.969081555,26.95122672,30.60242388
New Zealand,1994,1.907314949,1.686521667,3.631709415,3.631709415,28.03642384,30.7781457
New Zealand,1995,1.430613145,1.523876667,2.79042739,2.79042739,27.52088615,29.39336631
New Zealand,1996,1.394070131,1.4548475,-1.765898075,-1.765898075,26.76729211,28.34887884
New Zealand,1997,1.561927534,1.512420833,-2.36957889,-2.36957889,26.92648953,28.32037399
New Zealand,1998,1.050519164,1.868249167,0.713970134,0.713970134,28.2786962,29.61732163
New Zealand,1999,0.586374712,1.889613899,1.827306384,1.827306384,30.4506796,30.95055154
New Zealand,2000,2.8843393,2.201149167,-2.865294556,-7.868827754,32.77146839,35.74545849
New Zealand,2001,3.86091572,2.378750833,0.481362353,-1.127257033,31.80278451,35.43103984
New Zealand,2002,0.298056333,2.162190833,4.275332532,2.111272588,29.80892285,32.8470717
New Zealand,2003,2.068417241,1.722099146,-3.811793238,0.731288112,28.07504394,29.8397254
New Zealand,2004,2.7587219,1.508681271,2.232630391,0.821596517,29.25614167,29.54341061
New Zealand,2005,2.000268451,1.420273457,1.662015177,-0.558622277,29.73357801,28.28516543
New Zealand,2006,2.709834342,1.542055757,2.611329337,-0.35849143,29.99465129,29.60861375
New Zealand,2007,5.316238996,1.360675229,3.160244448,2.908852422,29.15204663,29.27311395
New Zealand,2008,2.737525167,1.42272681,1.946923958,0.630406756,32.33002122,32.07870923
New Zealand,2009,2.640887651,1.600877295,-0.043160566,-1.707603002,26.41181224,28.73391077
New Zealand,2010,3.15959278,1.387833828,0.195407936,0.705214655,27.97798782,30.27362768
New Zealand,2011,2.467734501,1.265810697,0.819042995,-0.071480284,28.84476365,30.39431066
New Zealand,2012,-0.189641681,1.234283655,2.183115887,-0.051456414,28.16307576,28.85872714
New Zealand,2013,4.16102482,1.219407974,-0.036415058,-0.740755481,27.2030997,28.81308608
New Zealand,2014,0.481109439,1.205433333,1.614981171,0.706469473,27.16863275,27.97951372
New Zealand,2015,1.4440385,1.433975,-0.041196551,-0.008828833,26.93571185,27.95256013
New Zealand,2016,2.410432574,1.436525,1.063065279,-0.404783457,25.82244055,26.63981397
New Zealand,2017,3.616932544,1.407408333,1.157027453,-0.038753127,26.60289484,27.58733369
New Zealand,2018,1.753127105,1.445258333,1.187882825,0.304062792,27.91526359,27.88390877
New Zealand,2019,3.08556631,1.517875,1.369883428,-0.732289829,27.11413758,27.35030566
New Zealand,2020,1.955151654,1.542058333,1.94413145,0.339435297,22.25359155,21.72857875
New Zealand,2021,4.578162455,1.4138,1.789875769,-0.421538591,26.21234684,22.33729873
New Zealand,2022,5.587087559,1.577183333,3.3802437,0.345612592,29.69209342,24.39482557
New Zealand,2023,4.758549167,1.628433333,1.424419556,-0.091790153,26.94940473,24.07445739
Japan,1974,20.81005042,292.0825,0.041221479,0.410582256,13.57124812,12.76157959
Japan,1975,7.177440853,296.7875,0.042412527,0.330855241,12.06741402,12.00802483
Japan,1976,8.007886485,296.5525,0.018868432,0.332451748,12.06752195,12.7207365
Japan,1977,6.74910663,268.51,0.002849122,0.223181188,10.83952692,12.28760896
Japan,1978,4.60375829,210.4416667,0.00077249,0.228946839,8.874594285,10.43364737
Japan,1979,2.75163103,219.14,0.022172536,0.268853595,11.79835452,10.8540732
Japan,1980,5.437983896,226.7408333,0.024615336,0.21117833,13.80114255,12.84822195
Japan,1981,2.857662192,220.5358333,0.015178024,0.393022474,13.22323289,13.82359871
Japan,1982,1.759523055,249.0766667,0.03788626,0.39180779,13.09306927,13.62984342
Japan,1983,0.920750584,237.5116667,0.032733741,0.284217005,11.50792744,13.00926538
Japan,1984,1.429605891,237.5225,-0.000743039,0.443222723,11.70374106,14.09975987
Japan,1985,1.260620599,238.5358333,0.042656252,0.45129845,10.49188987,13.61937136
Japan,1986,1.61202686,168.5198333,0.011419726,0.679333748,7.098319759,10.70077176
Japan,1987,-0.16378568,144.6375,0.045623287,0.778864249,7.035788819,9.752995797
Japan,1988,0.609789283,128.1516667,-0.015478027,1.133690619,7.479299962,9.40921479
Japan,1989,2.069040246,137.9644167,-0.034079822,1.487437356,8.606761725,9.934752016
Japan,1990,2.564404139,144.7925,1.593735851,1.593735851,9.285617818,10.05009591
Japan,1991,2.904570987,134.7066667,0.86726223,0.86726223,8.143276541,9.616174714
Japan,1992,1.677269591,126.6513333,0.434703264,0.434703264,7.499783799,9.518285025
Japan,1993,0.528410642,111.1977858,0.306660845,0.306660845,6.809425135,8.913913995
Japan,1994,0.186808629,102.2078058,0.362504994,0.362504994,6.970479106,8.839827126
Japan,1995,-0.523458984,94.05957917,0.408079929,0.408079929,7.573634501,8.816470433
Japan,1996,-0.445775393,108.7790567,-0.000775961,0.536266324,8.938123142,9.315745084
Japan,1997,0.504460814,120.9908625,0.055358119,0.53394472,9.399821984,10.38369564
Japan,1998,-0.026680247,130.9053007,0.061293304,0.483244008,8.629380124,10.3738061
Japan,1999,-1.241051347,113.906805,0.318821542,0.523338252,8.320091715,9.805539002
Japan,2000,-1.33626009,107.7654983,0.215124715,0.906284999,9.098877381,10.4634942
Japan,2001,-1.084879848,121.5289475,0.112602474,0.815148296,9.482804509,10.07679996
Japan,2002,-1.390978615,125.3880192,0.27630407,0.738773361,9.591676459,10.85544561
Japan,2003,-1.607703708,115.9334642,0.194079344,0.762564559,9.860323691,11.46580158
Japan,2004,-1.1247664,108.1925692,0.153847736,0.830017787,10.8780888,12.78626462
Japan,2005,-1.194017681,110.2182117,0.113001254,1.069344224,12.41405886,13.81589572
Japan,2006,-0.862018389,116.2993117,-0.052087901,1.26372738,14.35900205,15.65737405
Japan,2007,-0.705243547,117.7535292,0.472322727,1.593748009,15.52745068,17.28912737
Japan,2008,-0.911530288,103.359494,0.482208589,2.225392099,16.89393316,17.23554338
Japan,2009,-0.569564925,93.57008909,0.231146375,1.392895599,11.97060079,12.41956575
Japan,2010,-1.88074195,87.779875,0.12920449,1.383148483,13.57996924,14.91850345
Japan,2011,-1.62208025,79.80701983,-0.013648274,1.874417447,15.42049847,14.77446226
Japan,2012,-0.75609312,79.79045542,0.008720202,1.875407291,16.0561363,14.41477461
Japan,2013,-0.354375054,97.59565828,0.204293384,2.986853415,18.19461192,15.78415673
Japan,2014,1.686294786,105.944781,0.403354543,2.816512085,20.01277922,17.41865535
Japan,2015,2.111298993,121.0440257,0.118161988,3.113997056,17.99064852,17.43675984
Japan,2016,0.419944376,108.7929,0.818481615,3.569582259,15.25227761,16.05796924
Japan,2017,-0.074349504,112.1661411,0.381319638,3.523747062,16.83177447,17.5914391
Japan,2018,-0.000237506,110.4231793,0.501685482,3.178379096,18.2949862,18.3149456
Japan,2019,0.634803166,109.0096659,0.780785313,5.046593108,17.75289168,17.46352643
Japan,2020,0.941449701,106.7745823,1.237931782,2.969352294,15.79727763,15.5285155
Japan,2021,-0.190060625,109.7543238,0.695725962,4.164997692,18.64600665,18.12547664
Japan,2022,0.333979877,131.4981404,1.127819293,4.108185939,25.30200902,21.54172312
Japan,2023,3.793017835,140.4911001,0.475297449,4.33035119,23.35210391,21.81054458